Comunicação;Destinatário;Contato;Unidade Emitente;Processo;Data de Expedição;Data da Resposta
Ofício 027.799/2026;SECRETARIA-EXECUTIVA DO MINISTÉRIO DO TRABALHO E EMPREGO;FRANCISCO MACENA DA SILVA;SEPROC;007.442/2025-4;23/07/2026;
Ofício 027.040/2026;Identidade preservada;FRANCISCO MACENA DA SILVA;SEPROC;012.926/2017-5;21/07/2026;
Ofício 027.122/2026;SECRETARIA-EXECUTIVA DO MINISTÉRIO DO TRABALHO E EMPREGO;FRANCISCO MACENA DA SILVA;SEPROC;006.866/2024-7;20/07/2026;
Ofício 026.988/2026;SECRETARIA-EXECUTIVA DO MINISTÉRIO DO TRABALHO E EMPREGO;SECRETÁRIO(A)-EXECUTIVO(A) DO MINISTÉRIO DO TRABALHO E EMPREGO;SEPROC;016.234/2024-3;20/07/2026;
Ofício 026.425/2026;SECRETARIA-EXECUTIVA DO MINISTÉRIO DO TRABALHO E EMPREGO;SECRETÁRIO(A)-EXECUTIVO(A) DO MINISTÉRIO DO TRABALHO E EMPREGO;SEPROC;006.475/2024-8;16/07/2026;
Ofício 026.404/2026;SECRETARIA-EXECUTIVA DO MINISTÉRIO DO TRABALHO E EMPREGO;SECRETÁRIO(A)-EXECUTIVO(A) DO MINISTÉRIO DO TRABALHO E EMPREGO;SEPROC;021.294/2022-4;16/07/2026;
Ofício 000.116/2026;ASSESSORIA ESPECIAL DE CONTROLE INTERNO DO MINISTÉRIO DO TRABALHO E EMPREGO;CLAUDIO ANTONIO DE ALMEIDA PY;AUDFISCAL;012.513/2026-1;15/07/2026;16/07/2026
Ofício 025.246/2026;FUNDO DE GARANTIA POR TEMPO DE SERVIÇO;PRESIDENTE DO CONSELHO CURADOR DO FGTS;SEPROC;033.078/2023-8;15/07/2026;
Ofício 025.248/2026;SECRETARIA-EXECUTIVA DO MINISTÉRIO DO TRABALHO E EMPREGO;SECRETÁRIO(A)-EXECUTIVO(A) DO MINISTÉRIO DO TRABALHO E EMPREGO;SEPROC;033.078/2023-8;15/07/2026;
Ofício 025.397/2026;SECRETARIA-EXECUTIVA DO MINISTÉRIO DO TRABALHO E EMPREGO;SECRETÁRIO(A)-EXECUTIVO(A) DO MINISTÉRIO DO TRABALHO E EMPREGO;SEPROC;022.846/2025-5;13/07/2026;
Ofício 025.727/2026;SECRETARIA-EXECUTIVA DO MINISTÉRIO DO TRABALHO E EMPREGO;SECRETÁRIO(A)-EXECUTIVO(A) DO MINISTÉRIO DO TRABALHO E EMPREGO;SEPROC;035.071/2023-0;13/07/2026;
Ofício 025.925/2026;SECRETARIA-EXECUTIVA DO MINISTÉRIO DO TRABALHO E EMPREGO;SECRETÁRIO(A)-EXECUTIVO(A) DO MINISTÉRIO DO TRABALHO E EMPREGO;SEPROC;007.066/2026-0;13/07/2026;
Ofício 025.725/2026;SECRETARIA-EXECUTIVA DO MINISTÉRIO DO TRABALHO E EMPREGO;SECRETÁRIO(A)-EXECUTIVO(A) DO MINISTÉRIO DO TRABALHO E EMPREGO;SEPROC;023.697/2025-3;08/07/2026;
Ofício 025.144/2026;SECRETARIA-EXECUTIVA DO MINISTÉRIO DO TRABALHO E EMPREGO;FRANCISCO MACENA DA SILVA;SEPROC;011.103/2025-6;08/07/2026;
Ofício 000.058/2026;SECRETARIA-EXECUTIVA DO MINISTÉRIO DO TRABALHO E EMPREGO;FRANCISCO MACENA DA SILVA;AUDBANCOS;014.285/2026-6;08/07/2026;14/07/2026
Ofício 000.057/2026;CONSELHO CURADOR DO FUNDO DE GARANTIA POR TEMPO DE SERVIÇO;QUENIO CERQUEIRA DE FRANÇA;AUDBANCOS;014.285/2026-6;08/07/2026;14/07/2026
Ofício 025.083/2026;SECRETARIA-EXECUTIVA DO MINISTÉRIO DO TRABALHO E EMPREGO;FRANCISCO MACENA DA SILVA;SEPROC;015.553/2025-6;07/07/2026;
Ofício 000.055/2026;SECRETARIA-EXECUTIVA DO MINISTÉRIO DO TRABALHO E EMPREGO;FRANCISCO MACENA DA SILVA;AUDBANCOS;014.285/2026-6;07/07/2026;
Ofício 025.016/2026;ASSESSORIA ESPECIAL DE CONTROLE INTERNO DO MINISTÉRIO DO TRABALHO E EMPREGO;DIRETOR(A);SEPROC;018.781/2024-1;03/07/2026;
Ofício 025.018/2026;SECRETARIA DE INSPEÇÃO DO TRABALHO;SECRETÁRIO(A) DE INSPEÇÃO DO TRABALHO DO MINISTÉRIO DO TRABALHO E EMPREGO;SEPROC;018.781/2024-1;03/07/2026;
Ofício 025.010/2026;SECRETARIA-EXECUTIVA DO MINISTÉRIO DO TRABALHO E EMPREGO;FRANCISCO MACENA DA SILVA;SEPROC;018.781/2024-1;03/07/2026;
Ofício 024.979/2026;CONSELHO CURADOR DO FUNDO DE GARANTIA POR TEMPO DE SERVIÇO;QUENIO CERQUEIRA DE FRANÇA;SEPROC;021.301/2025-5;03/07/2026;
Ofício 024.980/2026;SECRETARIA-EXECUTIVA DO MINISTÉRIO DO TRABALHO E EMPREGO;FRANCISCO MACENA DA SILVA;SEPROC;021.301/2025-5;03/07/2026;
Ofício 024.422/2026;SECRETARIA-EXECUTIVA DO MINISTÉRIO DO TRABALHO E EMPREGO;SECRETÁRIO(A)-EXECUTIVO(A) DO MINISTÉRIO DO TRABALHO E EMPREGO;SEPROC;000.970/2026-3;02/07/2026;
Ofício 024.180/2026;SECRETARIA-EXECUTIVA DO MINISTÉRIO DO TRABALHO E EMPREGO;SECRETÁRIO(A)-EXECUTIVO(A) DO MINISTÉRIO DO TRABALHO E EMPREGO;SEPROC;000.258/2024-5;02/07/2026;
Ofício 000.111/2026;ASSESSORIA ESPECIAL DE CONTROLE INTERNO DO MINISTÉRIO DO TRABALHO E EMPREGO;CLAUDIO ANTONIO DE ALMEIDA PY;AUDFISCAL;012.513/2026-1;01/07/2026;09/07/2026
Ofício 024.446/2026;SUPERINTENDÊNCIA REGIONAL DO TRABALHO NO ESTADO DO MARANHÃO;SUPERINTENDÊNCIA REGIONAL DO TRABALHO E EMPREGO NO MARANHÃO;SEPROC;010.349/2003-6;01/07/2026;
Ofício 000.050/2026;CONSELHO CURADOR DO FUNDO DE GARANTIA POR TEMPO DE SERVIÇO;QUENIO CERQUEIRA DE FRANÇA;AUDBANCOS;014.285/2026-6;24/06/2026;25/06/2026
Ofício 023.439/2026;SECRETARIA-EXECUTIVA DO MINISTÉRIO DO TRABALHO E EMPREGO;SECRETÁRIO(A)-EXECUTIVO(A) DO MINISTÉRIO DO TRABALHO E EMPREGO;SEPROC;014.938/2025-1;22/06/2026;
Ofício 021.911/2026;SECRETARIA-EXECUTIVA DO MINISTÉRIO DO TRABALHO E EMPREGO;SECRETÁRIO(A)-EXECUTIVO(A) DO MINISTÉRIO DO TRABALHO E EMPREGO;SEPROC;016.234/2024-3;22/06/2026;
Ofício 021.983/2026;SECRETARIA-EXECUTIVA DO MINISTÉRIO DO TRABALHO E EMPREGO;SECRETÁRIO(A)-EXECUTIVO(A) DO MINISTÉRIO DO TRABALHO E EMPREGO;SEPROC;022.845/2025-9;18/06/2026;
Ofício 022.131/2026;SECRETARIA-EXECUTIVA DO MINISTÉRIO DO TRABALHO E EMPREGO;SECRETÁRIO(A)-EXECUTIVO(A) DO MINISTÉRIO DO TRABALHO E EMPREGO;SEPROC;014.115/2025-5;18/06/2026;
Ofício 022.513/2026;SUPERINTENDÊNCIA REGIONAL DO TRABALHO NO ESTADO DE RONDÔNIA;SUPERINTENDENTE REGIONAL;SEPROC;045.307/2021-0;16/06/2026;
Ofício 022.050/2026;SECRETARIA-EXECUTIVA DO MINISTÉRIO DO TRABALHO E EMPREGO;FRANCISCO MACENA DA SILVA;SEPROC;001.497/2026-0;12/06/2026;
Ofício 021.219/2026;SECRETARIA-EXECUTIVA DO MINISTÉRIO DO TRABALHO E EMPREGO;SECRETÁRIO(A)-EXECUTIVO(A) DO MINISTÉRIO DO TRABALHO E EMPREGO;SEPROC;006.047/2026-2;10/06/2026;
Ofício 021.212/2026;SECRETARIA-EXECUTIVA DO MINISTÉRIO DO TRABALHO E EMPREGO;SECRETÁRIO(A)-EXECUTIVO(A) DO MINISTÉRIO DO TRABALHO E EMPREGO;SEPROC;014.543/2023-0;10/06/2026;
Ofício 021.216/2026;SECRETARIA-EXECUTIVA DO MINISTÉRIO DO TRABALHO E EMPREGO;SECRETÁRIO(A)-EXECUTIVO(A) DO MINISTÉRIO DO TRABALHO E EMPREGO;SEPROC;001.020/2026-9;10/06/2026;
Ofício 020.382/2026;SECRETARIA-EXECUTIVA DO MINISTÉRIO DO TRABALHO E EMPREGO;SECRETÁRIO(A)-EXECUTIVO(A) DO MINISTÉRIO DO TRABALHO E EMPREGO;SEPROC;021.177/2025-2;09/06/2026;
Ofício 020.395/2026;SECRETARIA-EXECUTIVA DO MINISTÉRIO DO TRABALHO E EMPREGO;SECRETÁRIO(A)-EXECUTIVO(A) DO MINISTÉRIO DO TRABALHO E EMPREGO;SEPROC;008.164/2024-0;09/06/2026;
Ofício 020.278/2026;SECRETARIA-EXECUTIVA DO MINISTÉRIO DO TRABALHO E EMPREGO;SECRETÁRIO(A)-EXECUTIVO(A) DO MINISTÉRIO DO TRABALHO E EMPREGO;SEPROC;022.029/2023-0;03/06/2026;
Ofício 020.585/2026;SECRETARIA-EXECUTIVA DO MINISTÉRIO DO TRABALHO E EMPREGO;FRANCISCO MACENA DA SILVA;SEPROC;011.358/2026-2;02/06/2026;12/06/2026
Ofício 020.583/2026;SECRETARIA-EXECUTIVA DO MINISTÉRIO DO TRABALHO E EMPREGO;FRANCISCO MACENA DA SILVA;SEPROC;011.358/2026-2;02/06/2026;12/06/2026
Ofício 020.534/2026;SECRETARIA-EXECUTIVA DO MINISTÉRIO DO TRABALHO E EMPREGO;FRANCISCO MACENA DA SILVA;SEPROC;011.943/2026-2;02/06/2026;10/06/2026
Ofício 020.227/2026;SECRETARIA-EXECUTIVA DO MINISTÉRIO DO TRABALHO E EMPREGO;SECRETÁRIO(A)-EXECUTIVO(A) DO MINISTÉRIO DO TRABALHO E EMPREGO;SEPROC;002.193/2023-0;01/06/2026;
Ofício 020.349/2026;SECRETARIA-EXECUTIVA DO MINISTÉRIO DO TRABALHO E EMPREGO;FRANCISCO MACENA DA SILVA;SEPROC;004.729/2023-4;01/06/2026;
Ofício 019.712/2026;SECRETARIA-EXECUTIVA DO MINISTÉRIO DO TRABALHO E EMPREGO;FRANCISCO MACENA DA SILVA;SEPROC;018.375/2025-1;28/05/2026;
Ofício 017.654/2026;SECRETARIA-EXECUTIVA DO MINISTÉRIO DO TRABALHO E EMPREGO;SECRETÁRIO(A)-EXECUTIVO(A) DO MINISTÉRIO DO TRABALHO E EMPREGO;SEPROC;016.119/2009-2;27/05/2026;
Ofício 017.357/2026;SECRETARIA-EXECUTIVA DO MINISTÉRIO DO TRABALHO E EMPREGO;SECRETÁRIO(A)-EXECUTIVO(A) DO MINISTÉRIO DO TRABALHO E EMPREGO;SEPROC;014.517/2023-0;26/05/2026;
Ofício 017.432/2026;SECRETARIA-EXECUTIVA DO MINISTÉRIO DO TRABALHO E EMPREGO;SECRETÁRIO(A)-EXECUTIVO(A) DO MINISTÉRIO DO TRABALHO E EMPREGO;SEPROC;021.357/2025-0;25/05/2026;
Ofício 018.590/2026;SECRETARIA-EXECUTIVA DO MINISTÉRIO DO TRABALHO E EMPREGO;SECRETÁRIO(A)-EXECUTIVO(A) DO MINISTÉRIO DO TRABALHO E EMPREGO;SEPROC;021.339/2025-2;21/05/2026;
Ofício 018.467/2026;SECRETARIA-EXECUTIVA DO MINISTÉRIO DO TRABALHO E EMPREGO;FRANCISCO MACENA DA SILVA;SEPROC;006.755/2026-7;21/05/2026;
Ofício 018.407/2026;SECRETARIA-EXECUTIVA DO MINISTÉRIO DO TRABALHO E EMPREGO;SECRETÁRIO(A)-EXECUTIVO(A) DO MINISTÉRIO DO TRABALHO E EMPREGO;SEPROC;031.811/2022-1;20/05/2026;
Ofício 000.156/2026;ASSESSORIA ESPECIAL DE CONTROLE INTERNO DO MINISTÉRIO DO TRABALHO E EMPREGO;ASSESSORIA CONTROLE INTERNO ;AUDCONTRATAÇÕES;006.649/2026-2;13/05/2026;25/05/2026
Ofício 017.286/2026;SECRETARIA-EXECUTIVA DO MINISTÉRIO DO TRABALHO E EMPREGO;FRANCISCO MACENA DA SILVA;SEPROC;008.443/2024-6;12/05/2026;
Ofício 014.821/2026;SECRETARIA-EXECUTIVA DO MINISTÉRIO DO TRABALHO E EMPREGO;SECRETÁRIO(A)-EXECUTIVO(A) DO MINISTÉRIO DO TRABALHO E EMPREGO;SEPROC;035.063/2023-8;12/05/2026;
Ofício 017.028/2026;MINISTÉRIO DO TRABALHO E EMPREGO;FRANCISCO MACENA DA SILVA;SEPROC;000.375/2025-0;11/05/2026;
Ofício 011.523/2026;SECRETARIA-EXECUTIVA DO MINISTÉRIO DO TRABALHO E EMPREGO;SECRETÁRIO(A)-EXECUTIVO(A) DO MINISTÉRIO DO TRABALHO E EMPREGO;SEPROC;014.543/2023-0;06/05/2026;
Ofício 015.792/2026;ASSESSORIA ESPECIAL DE CONTROLE INTERNO DO MINISTÉRIO DO TRABALHO E EMPREGO;CHEFE DA ASSESSORIA ESPECIAL DE CONTROLE INTERNO DO MINISTÉRIO DO TRABALHO E EMPREGO;SEPROC;007.235/2026-7;05/05/2026;
Ofício 015.956/2026;SECRETARIA-EXECUTIVA DO MINISTÉRIO DO TRABALHO E EMPREGO;SECRETÁRIO(A)-EXECUTIVO(A) DO MINISTÉRIO DO TRABALHO E EMPREGO;SEPROC;014.525/2023-2;05/05/2026;
Ofício 015.719/2026;SECRETARIA-EXECUTIVA DO MINISTÉRIO DO TRABALHO E EMPREGO;FRANCISCO MACENA DA SILVA;SEPROC;037.329/2023-5;04/05/2026;
Ofício 015.569/2026;SECRETARIA-EXECUTIVA DO MINISTÉRIO DO TRABALHO E EMPREGO;FRANCISCO MACENA DA SILVA;SEPROC;012.712/2022-1;04/05/2026;
Ofício 013.244/2026;ASSESSORIA ESPECIAL DE CONTROLE INTERNO DO MINISTÉRIO DO TRABALHO E EMPREGO;CHEFE DA ASSESSORIA ESPECIAL DE CONTROLE INTERNO DO MINISTÉRIO DO TRABALHO E EMPREGO;SEPROC;028.377/2020-6;30/04/2026;
Ofício 014.110/2026;SECRETARIA-EXECUTIVA DO MINISTÉRIO DO TRABALHO E EMPREGO;SECRETÁRIO(A)-EXECUTIVO(A) DO MINISTÉRIO DO TRABALHO E EMPREGO;SEPROC;035.071/2023-0;30/04/2026;
Ofício 000.904/2026;SUPERINTENDÊNCIA REGIONAL DO TRABALHO NO ESTADO DE SÃO PAULO;SUPERINTENDENTE REGIONAL DO TRABALHO NO ESTADO DE SÃO PAULO;AUDPESSOAL;031.427/2014-6;27/04/2026;11/05/2026
Ofício 014.563/2026;SECRETARIA-EXECUTIVA DO MINISTÉRIO DO TRABALHO E EMPREGO;FRANCISCO MACENA DA SILVA;SEPROC;002.982/2026-9;24/04/2026;27/05/2026
Ofício 014.742/2026;ASSESSORIA ESPECIAL DE CONTROLE INTERNO DO MINISTÉRIO DO TRABALHO E EMPREGO;COORDENADOR(A)-GERAL DE RECURSOS LOGÍSTICOS DO MINISTÉRIO DO TRABALHO E EMPREGO;SEPROC;007.235/2026-7;23/04/2026;06/05/2026
Ofício 014.737/2026;ASSESSORIA ESPECIAL DE CONTROLE INTERNO DO MINISTÉRIO DO TRABALHO E EMPREGO;COORDENADOR(A)-GERAL DE RECURSOS LOGÍSTICOS DO MINISTÉRIO DO TRABALHO E EMPREGO;SEPROC;007.235/2026-7;23/04/2026;06/05/2026
Ofício 014.200/2026;SECRETARIA-EXECUTIVA DO MINISTÉRIO DO TRABALHO E EMPREGO;SECRETÁRIO(A)-EXECUTIVO(A) DO MINISTÉRIO DO TRABALHO E EMPREGO;SEPROC;025.671/2024-3;22/04/2026;
Ofício 014.450/2026;SECRETARIA-EXECUTIVA DO MINISTÉRIO DO TRABALHO E EMPREGO;FRANCISCO MACENA DA SILVA;SEPROC;006.617/2024-7;22/04/2026;
Ofício 013.681/2026;SECRETARIA-EXECUTIVA DO MINISTÉRIO DO TRABALHO E EMPREGO;FRANCISCO MACENA DA SILVA;SEPROC;005.787/2024-6;17/04/2026;
Ofício 013.677/2026;SECRETARIA-EXECUTIVA DO MINISTÉRIO DO TRABALHO E EMPREGO;FRANCISCO MACENA DA SILVA;SEPROC;000.474/2024-0;17/04/2026;
Ofício 010.266/2026;SECRETARIA-EXECUTIVA DO MINISTÉRIO DO TRABALHO E EMPREGO;SECRETÁRIO(A)-EXECUTIVO(A) DO MINISTÉRIO DO TRABALHO E EMPREGO;SEPROC;023.044/2024-1;17/04/2026;
Ofício 010.554/2026;SECRETARIA-EXECUTIVA DO MINISTÉRIO DO TRABALHO E EMPREGO;SECRETÁRIO(A)-EXECUTIVO(A) DO MINISTÉRIO DO TRABALHO E EMPREGO;SEPROC;032.932/2023-5;17/04/2026;
Ofício 013.718/2026;SECRETARIA-EXECUTIVA DO MINISTÉRIO DO TRABALHO E EMPREGO;FRANCISCO MACENA DA SILVA;SEPROC;007.442/2025-4;16/04/2026;
Ofício 013.002/2026;SECRETARIA-EXECUTIVA DO MINISTÉRIO DO TRABALHO E EMPREGO;SECRETÁRIO(A)-EXECUTIVO(A) DO MINISTÉRIO DO TRABALHO E EMPREGO;SEPROC;004.754/2023-9;16/04/2026;
Ofício 011.980/2026;SECRETARIA-EXECUTIVA DO MINISTÉRIO DO TRABALHO E EMPREGO;SECRETÁRIO(A)-EXECUTIVO(A) DO MINISTÉRIO DO TRABALHO E EMPREGO;SEPROC;008.472/2025-4;13/04/2026;
Ofício 011.947/2026;SECRETARIA-EXECUTIVA DO MINISTÉRIO DO TRABALHO E EMPREGO;FRANCISCO MACENA DA SILVA;SEPROC;007.098/2026-0;07/04/2026;15/04/2026
Ofício 010.537/2026;MINISTÉRIO DO TRABALHO E EMPREGO;LUIZ HENRIQUE RAMOS LOPES;SEPROC;006.649/2026-2;31/03/2026;
Ofício 010.626/2026;SECRETARIA-EXECUTIVA DO MINISTÉRIO DO TRABALHO E EMPREGO;SECRETÁRIO(A)-EXECUTIVO(A) DO MINISTÉRIO DO TRABALHO E EMPREGO;SEPROC;019.824/2024-6;31/03/2026;
Ofício 009.789/2026;SECRETARIA-EXECUTIVA DO MINISTÉRIO DO TRABALHO E EMPREGO;SECRETÁRIO(A)-EXECUTIVO(A) DO MINISTÉRIO DO TRABALHO E EMPREGO;SEPROC;032.344/2023-6;27/03/2026;
Ofício 009.215/2026;SUPERINTENDÊNCIA REGIONAL DO TRABALHO NO ESTADO DE RONDÔNIA;SUPERINTENDENTE REGIONAL;SEPROC;045.307/2021-0;26/03/2026;13/04/2026
Ofício 009.808/2026;SECRETARIA-EXECUTIVA DO MINISTÉRIO DO TRABALHO E EMPREGO;SECRETÁRIO(A)-EXECUTIVO(A) DO MINISTÉRIO DO TRABALHO E EMPREGO;SEPROC;032.133/2023-5;26/03/2026;
Ofício 009.382/2026;SECRETARIA-EXECUTIVA DO MINISTÉRIO DO TRABALHO E EMPREGO;SECRETÁRIO(A)-EXECUTIVO(A) DO MINISTÉRIO DO TRABALHO E EMPREGO;SEPROC;016.825/2025-0;25/03/2026;
Ofício 009.318/2026;SECRETARIA-EXECUTIVA DO MINISTÉRIO DO TRABALHO E EMPREGO;SECRETÁRIO(A)-EXECUTIVO(A) DO MINISTÉRIO DO TRABALHO E EMPREGO;SEPROC;004.819/2023-3;24/03/2026;
Ofício 009.308/2026;SECRETARIA-EXECUTIVA DO MINISTÉRIO DO TRABALHO E EMPREGO;SECRETÁRIO(A)-EXECUTIVO(A) DO MINISTÉRIO DO TRABALHO E EMPREGO;SEPROC;040.487/2023-7;24/03/2026;
Ofício 008.346/2026;SECRETARIA-EXECUTIVA DO MINISTÉRIO DO TRABALHO E EMPREGO;SECRETÁRIO(A)-EXECUTIVO(A) DO MINISTÉRIO DO TRABALHO E EMPREGO;SEPROC;018.009/2025-5;23/03/2026;
Ofício 008.504/2026;SECRETARIA-EXECUTIVA DO MINISTÉRIO DO TRABALHO E EMPREGO;SECRETÁRIO(A)-EXECUTIVO(A) DO MINISTÉRIO DO TRABALHO E EMPREGO;SEPROC;005.226/2023-6;23/03/2026;
Ofício 008.366/2026;SECRETARIA-EXECUTIVA DO MINISTÉRIO DO TRABALHO E EMPREGO;SECRETÁRIO(A)-EXECUTIVO(A) DO MINISTÉRIO DO TRABALHO E EMPREGO;SEPROC;021.181/2025-0;23/03/2026;
Ofício 008.378/2026;SECRETARIA-EXECUTIVA DO MINISTÉRIO DO TRABALHO E EMPREGO;SECRETÁRIO(A)-EXECUTIVO(A) DO MINISTÉRIO DO TRABALHO E EMPREGO;SEPROC;020.412/2025-8;20/03/2026;
Ofício 008.179/2026;SECRETARIA-EXECUTIVA DO MINISTÉRIO DO TRABALHO E EMPREGO;SECRETÁRIO(A)-EXECUTIVO(A) DO MINISTÉRIO DO TRABALHO E EMPREGO;SEPROC;020.416/2025-3;20/03/2026;
Ofício 008.165/2026;SECRETARIA-EXECUTIVA DO MINISTÉRIO DO TRABALHO E EMPREGO;SECRETÁRIO(A)-EXECUTIVO(A) DO MINISTÉRIO DO TRABALHO E EMPREGO;SEPROC;018.754/2025-2;20/03/2026;
Ofício 008.296/2026;SUPERINTENDÊNCIA REGIONAL DO TRABALHO NO ESTADO DO PIAUÍ;SUPERINTENDENTE ;SEPROC;013.049/2025-9;17/03/2026;07/04/2026
Ofício 008.297/2026;SECRETARIA-EXECUTIVA DO MINISTÉRIO DO TRABALHO E EMPREGO;FRANCISCO MACENA DA SILVA;SEPROC;013.049/2025-9;17/03/2026;07/04/2026
Ofício 007.592/2026;SECRETARIA-EXECUTIVA DO MINISTÉRIO DO TRABALHO E EMPREGO;FRANCISCO MACENA DA SILVA;SEPROC;009.123/2025-3;12/03/2026;
Ofício 007.466/2026;SECRETARIA-EXECUTIVA DO MINISTÉRIO DO TRABALHO E EMPREGO;SECRETÁRIO(A)-EXECUTIVO(A) DO MINISTÉRIO DO TRABALHO E EMPREGO;SEPROC;020.374/2025-9;12/03/2026;
Ofício 007.301/2026;SECRETARIA-EXECUTIVA DO MINISTÉRIO DO TRABALHO E EMPREGO;FRANCISCO MACENA DA SILVA;SEPROC;001.497/2026-0;12/03/2026;30/03/2026
Ofício 007.412/2026;SECRETARIA-EXECUTIVA DO MINISTÉRIO DO TRABALHO E EMPREGO;FRANCISCO MACENA DA SILVA;SEPROC;008.382/2024-7;12/03/2026;
Ofício 007.101/2026;SECRETARIA-EXECUTIVA DO MINISTÉRIO DO TRABALHO E EMPREGO;FRANCISCO MACENA DA SILVA;SEPROC;000.890/2025-1;11/03/2026;27/03/2026
Ofício 007.048/2026;Identidade preservada;FRANCISCO MACENA DA SILVA;SEPROC;024.354/2025-2;10/03/2026;25/03/2026
Ofício 006.789/2026;SECRETARIA-EXECUTIVA DO MINISTÉRIO DO TRABALHO E EMPREGO;FRANCISCO MACENA DA SILVA;SEPROC;000.498/2024-6;09/03/2026;
Ofício 005.746/2026;SECRETARIA-EXECUTIVA DO MINISTÉRIO DO TRABALHO E EMPREGO;SECRETÁRIO(A)-EXECUTIVO(A) DO MINISTÉRIO DO TRABALHO E EMPREGO;SEPROC;037.236/2018-0;05/03/2026;
Ofício 006.303/2026;SECRETARIA-EXECUTIVA DO MINISTÉRIO DO TRABALHO E EMPREGO;SECRETÁRIO(A)-EXECUTIVO(A) DO MINISTÉRIO DO TRABALHO E EMPREGO;SEPROC;001.952/2022-6;04/03/2026;
Ofício 005.692/2026;SECRETARIA-EXECUTIVA DO MINISTÉRIO DO TRABALHO E EMPREGO;FRANCISCO MACENA DA SILVA;SEPROC;015.553/2025-6;27/02/2026;16/03/2026
Ofício 005.538/2026;SECRETARIA-EXECUTIVA DO MINISTÉRIO DO TRABALHO E EMPREGO;FRANCISCO MACENA DA SILVA;SEPROC;001.471/2026-0;27/02/2026;16/03/2026
Ofício 005.682/2026;SECRETARIA-EXECUTIVA DO MINISTÉRIO DO TRABALHO E EMPREGO;FRANCISCO MACENA DA SILVA;SEPROC;004.848/2026-8;27/02/2026;
Ofício 005.545/2026;SECRETARIA-EXECUTIVA DO MINISTÉRIO DO TRABALHO E EMPREGO;FRANCISCO MACENA DA SILVA;SEPROC;004.749/2023-5;27/02/2026;
Ofício 005.546/2026;FUNDO DE AMPARO AO TRABALHADOR;PRESIDENTE DO CONSELHO DELIBERATIVO DO FUNDO DE AMPARO AO TRABALHADOR;SEPROC;001.471/2026-0;27/02/2026;16/03/2026
Ofício 005.221/2026;FUNDO DE GARANTIA POR TEMPO DE SERVIÇO;SECRETÁRIO-EXECUTIVO DO CONSELHO CURADOR DO FGTS;SEPROC;033.078/2023-8;24/02/2026;12/03/2026
Ofício 005.136/2026;SECRETARIA-EXECUTIVA DO MINISTÉRIO DO TRABALHO E EMPREGO;SECRETÁRIO(A)-EXECUTIVO(A) DO MINISTÉRIO DO TRABALHO E EMPREGO;SEPROC;018.821/2025-1;24/02/2026;
Ofício 005.034/2026;ASSESSORIA ESPECIAL DE CONTROLE INTERNO DO MINISTÉRIO DO TRABALHO E EMPREGO;CHEFE DA ASSESSORIA ESPECIAL DE CONTROLE INTERNO DO MINISTÉRIO DO TRABALHO E EMPREGO;SEPROC;017.760/2020-8;23/02/2026;24/02/2026
Ofício 004.915/2026;SECRETARIA-EXECUTIVA DO MINISTÉRIO DO TRABALHO E EMPREGO;SECRETÁRIO(A)-EXECUTIVO(A) DO MINISTÉRIO DO TRABALHO E EMPREGO;SEPROC;020.485/2025-5;23/02/2026;
Ofício 000.114/2026;SECRETARIA-EXECUTIVA DO MINISTÉRIO DO TRABALHO E EMPREGO;FRANCISCO MACENA DA SILVA ;AUDEDUCAÇÃO;011.103/2025-6;12/02/2026;05/03/2026
Ofício 003.359/2026;SECRETARIA-EXECUTIVA DO MINISTÉRIO DO TRABALHO E EMPREGO;SECRETÁRIO(A)-EXECUTIVO(A) DO MINISTÉRIO DO TRABALHO E EMPREGO;SEPROC;018.752/2025-0;12/02/2026;
Ofício 003.363/2026;SECRETARIA-EXECUTIVA DO MINISTÉRIO DO TRABALHO E EMPREGO;SECRETÁRIO(A)-EXECUTIVO(A) DO MINISTÉRIO DO TRABALHO E EMPREGO;SEPROC;018.750/2025-7;12/02/2026;
Ofício 001.341/2026;SUPERINTENDÊNCIA REGIONAL DO TRABALHO NO ESTADO DE TOCANTINS;JALSON JÁCOMO DO COUTO;SEPROC;;12/02/2026;
Ofício 000.218/2026;MINISTÉRIO DO TRABALHO E EMPREGO;FRANCISCO MACENA DA SILVA;AUDPESSOAL;007.442/2025-4;12/02/2026;20/03/2026
Ofício 003.732/2026;CONSELHO CURADOR DO FUNDO DE GARANTIA POR TEMPO DE SERVIÇO;SECRETÁRIO(A)-EXECUTIVO(A) DO CONSELHO CURADOR DO FGTS;SEPROC;008.950/2025-3;11/02/2026;
Ofício 003.621/2026;SECRETARIA-EXECUTIVA DO MINISTÉRIO DO TRABALHO E EMPREGO;SECRETÁRIO(A)-EXECUTIVO(A) DO MINISTÉRIO DO TRABALHO E EMPREGO;SEPROC;018.756/2025-5;10/02/2026;
Ofício 003.529/2026;SECRETARIA-EXECUTIVA DO MINISTÉRIO DO TRABALHO E EMPREGO;FRANCISCO MACENA DA SILVA;SEPROC;000.526/2024-0;10/02/2026;
Ofício 003.649/2026;Identidade preservada;FRANCISCO MACENA DA SILVA;SEPROC;001.364/2026-0;10/02/2026;26/02/2026
Ofício 003.646/2026;Identidade preservada;QUENIO CERQUEIRA DE FRANÇA;SEPROC;001.364/2026-0;10/02/2026;20/02/2026
Ofício 003.647/2026;Identidade preservada;SECRETÁRIO(A)-EXECUTIVO(A) DO CONSELHO CURADOR DO FGTS;SEPROC;001.364/2026-0;10/02/2026;26/02/2026
Ofício 001.310/2026;SECRETARIA-EXECUTIVA DO MINISTÉRIO DO TRABALHO E EMPREGO;SECRETÁRIO(A)-EXECUTIVO(A) DO MINISTÉRIO DO TRABALHO E EMPREGO;SEPROC;008.761/2020-5;05/02/2026;
Ofício 002.494/2026;SECRETARIA-EXECUTIVA DO MINISTÉRIO DO TRABALHO E EMPREGO;FRANCISCO MACENA DA SILVA;SEPROC;031.812/2022-8;04/02/2026;
Ofício 002.392/2026;SECRETARIA-EXECUTIVA DO MINISTÉRIO DO TRABALHO E EMPREGO;SECRETÁRIO(A)-EXECUTIVO(A) DO MINISTÉRIO DO TRABALHO E EMPREGO;SEPROC;016.234/2024-3;03/02/2026;
Ofício 001.585/2026;Identidade preservada;FRANCISCO MACENA DA SILVA;SEPROC;024.939/2024-2;29/01/2026;
Ofício 001.354/2026;ASSESSORIA ESPECIAL DE CONTROLE INTERNO DO MINISTÉRIO DO TRABALHO E EMPREGO;CHEFE DA ASSESSORIA ESPECIAL DE CONTROLE INTERNO DO MINISTÉRIO DO TRABALHO E EMPREGO;SEPROC;028.516/2024-9;28/01/2026;
Ofício 001.356/2026;FUNDO DE AMPARO AO TRABALHADOR;SÉRGIO LUIZ LEITE;SEPROC;028.516/2024-9;28/01/2026;
Ofício 001.353/2026;SECRETARIA-EXECUTIVA DO MINISTÉRIO DO TRABALHO E EMPREGO;FRANCISCO MACENA DA SILVA;SEPROC;028.516/2024-9;28/01/2026;
Ofício 001.129/2026;SECRETARIA-EXECUTIVA DO MINISTÉRIO DO TRABALHO E EMPREGO;FRANCISCO MACENA DA SILVA;SEPROC;002.442/2024-8;27/01/2026;
Ofício 000.917/2026;SECRETARIA-EXECUTIVA DO MINISTÉRIO DO TRABALHO E EMPREGO;SECRETÁRIO(A)-EXECUTIVO(A) DO MINISTÉRIO DO TRABALHO E EMPREGO;SEPROC;037.329/2023-5;23/01/2026;
Ofício 000.792/2026;SECRETARIA-EXECUTIVA DO MINISTÉRIO DO TRABALHO E EMPREGO;SECRETÁRIO(A)-EXECUTIVO(A) DO MINISTÉRIO DO TRABALHO E EMPREGO;SEPROC;032.184/2023-9;22/01/2026;
Ofício 000.126/2026;SECRETARIA-EXECUTIVA DO MINISTÉRIO DO TRABALHO E EMPREGO;FRANCISCO MACENA DA SILVA;SEPROC;016.714/2021-0;08/01/2026;05/02/2026
Ofício 053.686/2025;SECRETARIA-EXECUTIVA DO MINISTÉRIO DO TRABALHO E EMPREGO;SECRETÁRIO(A)-EXECUTIVO(A) DO MINISTÉRIO DO TRABALHO E EMPREGO;SEPROC;002.566/2024-9;05/01/2026;
Ofício 054.644/2025;SECRETARIA-EXECUTIVA DO MINISTÉRIO DO TRABALHO E EMPREGO;FRANCISCO MACENA DA SILVA;SEPROC;005.604/2024-9;29/12/2025;
Ofício 054.263/2025;Identidade preservada;FRANCISCO MACENA DA SILVA;SEPROC;008.583/2025-0;22/12/2025;27/02/2026
Ofício 048.201/2025;SECRETARIA-EXECUTIVA DO MINISTÉRIO DO TRABALHO E EMPREGO;SECRETÁRIO(A)-EXECUTIVO(A) DO MINISTÉRIO DO TRABALHO E EMPREGO;SEPROC;032.934/2023-8;22/12/2025;
Ofício 054.292/2025;SECRETARIA-EXECUTIVA DO MINISTÉRIO DO TRABALHO E EMPREGO;SECRETÁRIO(A)-EXECUTIVO(A) DO MINISTÉRIO DO TRABALHO E EMPREGO;SEPROC;040.487/2023-7;22/12/2025;
Ofício 051.484/2025;SECRETARIA-EXECUTIVA DO MINISTÉRIO DO TRABALHO E EMPREGO;SECRETÁRIO(A)-EXECUTIVO(A) DO MINISTÉRIO DO TRABALHO E EMPREGO;SEPROC;020.985/2023-1;19/12/2025;
Ofício 048.701/2025;SECRETARIA-EXECUTIVA DO MINISTÉRIO DO TRABALHO E EMPREGO;SECRETÁRIO(A)-EXECUTIVO(A) DO MINISTÉRIO DO TRABALHO E EMPREGO;SEPROC;015.055/2024-8;17/12/2025;
Ofício 053.145/2025;SECRETARIA-EXECUTIVA DO MINISTÉRIO DO TRABALHO E EMPREGO;FRANCISCO MACENA DA SILVA;SEPROC;009.123/2025-3;15/12/2025;
Ofício 053.144/2025;SECRETARIA-EXECUTIVA DO MINISTÉRIO DO TRABALHO E EMPREGO;FRANCISCO MACENA DA SILVA;SEPROC;009.123/2025-3;15/12/2025;
Ofício 048.119/2025;SECRETARIA-EXECUTIVA DO MINISTÉRIO DO TRABALHO E EMPREGO;SECRETÁRIO(A)-EXECUTIVO(A) DO MINISTÉRIO DO TRABALHO E EMPREGO;SEPROC;032.134/2023-1;15/12/2025;
Ofício 052.978/2025;SECRETARIA-EXECUTIVA DO MINISTÉRIO DO TRABALHO E EMPREGO;SECRETÁRIO(A)-EXECUTIVO(A) DO MINISTÉRIO DO TRABALHO E EMPREGO;SEPROC;014.723/2025-5;15/12/2025;
Ofício 053.196/2025;SECRETARIA-EXECUTIVA DO MINISTÉRIO DO TRABALHO E EMPREGO;FRANCISCO MACENA DA SILVA;SEPROC;003.936/2025-2;15/12/2025;
Ofício 002.792/2025;SECRETARIA-EXECUTIVA DO MINISTÉRIO DO TRABALHO E EMPREGO;SECRETÁRIO-EXECUTIVO;AUDPESSOAL;023.685/2025-5;15/12/2025;12/01/2026
Ofício 051.261/2025;SECRETARIA-EXECUTIVA DO MINISTÉRIO DO TRABALHO E EMPREGO;SECRETÁRIO(A)-EXECUTIVO(A) DO MINISTÉRIO DO TRABALHO E EMPREGO;SEPROC;015.603/2025-3;15/12/2025;
Ofício 049.049/2025;SECRETARIA-EXECUTIVA DO MINISTÉRIO DO TRABALHO E EMPREGO;SECRETÁRIO(A)-EXECUTIVO(A) DO MINISTÉRIO DO TRABALHO E EMPREGO;SEPROC;016.545/2025-7;15/12/2025;
Ofício 053.236/2025;ASSESSORIA ESPECIAL DE CONTROLE INTERNO DO MINISTÉRIO DO TRABALHO E EMPREGO;CHEFE DA ASSESSORIA ESPECIAL DE CONTROLE INTERNO DO MINISTÉRIO DO TRABALHO E EMPREGO;SEPROC;029.067/2010-3;15/12/2025;
Ofício 052.787/2025;SECRETARIA-EXECUTIVA DO MINISTÉRIO DO TRABALHO E EMPREGO;FRANCISCO MACENA DA SILVA;SEPROC;016.487/2024-9;12/12/2025;
Ofício 048.428/2025;SECRETARIA-EXECUTIVA DO MINISTÉRIO DO TRABALHO E EMPREGO;SECRETÁRIO(A)-EXECUTIVO(A) DO MINISTÉRIO DO TRABALHO E EMPREGO;SEPROC;032.333/2023-4;12/12/2025;
Ofício 049.067/2025;SECRETARIA-EXECUTIVA DO MINISTÉRIO DO TRABALHO E EMPREGO;SECRETÁRIO(A)-EXECUTIVO(A) DO MINISTÉRIO DO TRABALHO E EMPREGO;SEPROC;002.979/2024-1;11/12/2025;
Ofício 048.154/2025;SECRETARIA-EXECUTIVA DO MINISTÉRIO DO TRABALHO E EMPREGO;SECRETÁRIO(A)-EXECUTIVO(A) DO MINISTÉRIO DO TRABALHO E EMPREGO;SEPROC;015.060/2024-1;11/12/2025;
Ofício 048.797/2025;SECRETARIA-EXECUTIVA DO MINISTÉRIO DO TRABALHO E EMPREGO;SECRETÁRIO(A)-EXECUTIVO(A) DO MINISTÉRIO DO TRABALHO E EMPREGO;SEPROC;004.749/2023-5;11/12/2025;
Ofício 050.842/2025;SECRETARIA-EXECUTIVA DO MINISTÉRIO DO TRABALHO E EMPREGO;SECRETÁRIO(A)-EXECUTIVO(A) DO MINISTÉRIO DO TRABALHO E EMPREGO;SEPROC;016.827/2025-2;10/12/2025;
Ofício 051.590/2025;SECRETARIA-EXECUTIVA DO MINISTÉRIO DO TRABALHO E EMPREGO;SECRETÁRIO(A)-EXECUTIVO(A) DO MINISTÉRIO DO TRABALHO E EMPREGO;SEPROC;019.607/2022-9;10/12/2025;
Ofício 052.341/2025;SECRETARIA-EXECUTIVA DO MINISTÉRIO DO TRABALHO E EMPREGO;FRANCISCO MACENA DA SILVA;SEPROC;006.617/2024-7;09/12/2025;30/03/2026
Ofício 051.799/2025;SECRETARIA-EXECUTIVA DO MINISTÉRIO DO TRABALHO E EMPREGO;SECRETÁRIO(A)-EXECUTIVO(A) DO MINISTÉRIO DO TRABALHO E EMPREGO;SEPROC;038.891/2023-9;09/12/2025;
Ofício 051.632/2025;SECRETARIA-EXECUTIVA DO MINISTÉRIO DO TRABALHO E EMPREGO;SECRETÁRIO(A)-EXECUTIVO(A) DO MINISTÉRIO DO TRABALHO E EMPREGO;SEPROC;016.234/2024-3;09/12/2025;
Ofício 051.400/2025;SECRETARIA-EXECUTIVA DO MINISTÉRIO DO TRABALHO E EMPREGO;SECRETÁRIO(A)-EXECUTIVO(A) DO MINISTÉRIO DO TRABALHO E EMPREGO;SEPROC;016.828/2025-9;08/12/2025;
Ofício 050.870/2025;SECRETARIA-EXECUTIVA DO MINISTÉRIO DO TRABALHO E EMPREGO;SECRETÁRIO(A)-EXECUTIVO(A) DO MINISTÉRIO DO TRABALHO E EMPREGO;SEPROC;018.010/2025-3;04/12/2025;
Ofício 051.373/2025;SECRETARIA-EXECUTIVA DO MINISTÉRIO DO TRABALHO E EMPREGO;FRANCISCO MACENA DA SILVA;SEPROC;002.492/2020-2;03/12/2025;
Ofício 048.934/2025;SECRETARIA-EXECUTIVA DO MINISTÉRIO DO TRABALHO E EMPREGO;SECRETÁRIO(A)-EXECUTIVO(A) DO MINISTÉRIO DO TRABALHO E EMPREGO;SEPROC;016.839/2025-0;03/12/2025;
Ofício 049.069/2025;SECRETARIA-EXECUTIVA DO MINISTÉRIO DO TRABALHO E EMPREGO;SECRETÁRIO(A)-EXECUTIVO(A) DO MINISTÉRIO DO TRABALHO E EMPREGO;SEPROC;003.171/2025-6;03/12/2025;
Ofício 050.751/2025;SECRETARIA-EXECUTIVA DO MINISTÉRIO DO TRABALHO E EMPREGO;FRANCISCO MACENA DA SILVA;SEPROC;018.781/2024-1;03/12/2025;30/12/2025
Ofício 049.576/2025;SECRETARIA-EXECUTIVA DO MINISTÉRIO DO TRABALHO E EMPREGO;SECRETÁRIO(A)-EXECUTIVO(A) DO MINISTÉRIO DO TRABALHO E EMPREGO;SEPROC;019.104/2021-9;28/11/2025;
Ofício 049.082/2025;SECRETARIA-EXECUTIVA DO MINISTÉRIO DO TRABALHO E EMPREGO;SECRETÁRIO(A)-EXECUTIVO(A) DO MINISTÉRIO DO TRABALHO E EMPREGO;SEPROC;016.719/2025-5;28/11/2025;
Ofício 049.126/2025;SECRETARIA-EXECUTIVA DO MINISTÉRIO DO TRABALHO E EMPREGO;FRANCISCO MACENA DA SILVA;SEPROC;008.382/2024-7;28/11/2025;
Ofício 002.628/2025;SUPERINTENDÊNCIA REGIONAL DO TRABALHO NO ESTADO DE RONDÔNIA;TEREZA JANETE CORDOVA SANTOS;AUDPESSOAL;010.167/2025-0;24/11/2025;09/03/2026
Ofício 048.767/2025;MINISTÉRIO DO TRABALHO E EMPREGO;FRANCISCO MACENA DA SILVA;SEPROC;019.652/2023-2;18/11/2025;
Ofício 047.982/2025;Identidade preservada;FRANCISCO MACENA DA SILVA;SEPROC;037.375/2023-7;13/11/2025;01/12/2025
Ofício 047.977/2025;SECRETARIA-EXECUTIVA DO MINISTÉRIO DO TRABALHO E EMPREGO;FRANCISCO MACENA DA SILVA;SEPROC;020.772/2022-0;13/11/2025;
Ofício 047.741/2025;SECRETARIA-EXECUTIVA DO MINISTÉRIO DO TRABALHO E EMPREGO;FRANCISCO MACENA DA SILVA;SEPROC;021.085/2025-0;12/11/2025;24/11/2025
Ofício 047.980/2025;MINISTÉRIO DO TRABALHO E EMPREGO;LUIZ MARINHO;SEPROC;002.978/2024-5;12/11/2025;
Ofício 047.201/2025;SECRETARIA-EXECUTIVA DO MINISTÉRIO DO TRABALHO E EMPREGO;FRANCISCO MACENA DA SILVA;SEPROC;016.116/2022-4;10/11/2025;
Ofício 044.624/2025;SECRETARIA-EXECUTIVA DO MINISTÉRIO DO TRABALHO E EMPREGO;SECRETÁRIO(A)-EXECUTIVO(A) DO MINISTÉRIO DO TRABALHO E EMPREGO;SEPROC;019.654/2023-5;10/11/2025;
Ofício 047.173/2025;MINISTÉRIO DO TRABALHO E EMPREGO;FRANCISCO MACENA DA SILVA;SEPROC;018.447/2024-4;10/11/2025;
Ofício 047.171/2025;MINISTÉRIO DO TRABALHO E EMPREGO;FRANCISCO MACENA DA SILVA;SEPROC;000.477/2024-9;10/11/2025;
Ofício 046.800/2025;SECRETARIA-EXECUTIVA DO MINISTÉRIO DO TRABALHO E EMPREGO;FRANCISCO MACENA DA SILVA;SEPROC;018.375/2025-1;06/11/2025;25/11/2025
Ofício 042.757/2025;SECRETARIA-EXECUTIVA DO MINISTÉRIO DO TRABALHO E EMPREGO;SECRETÁRIO(A)-EXECUTIVO(A) DO MINISTÉRIO DO TRABALHO E EMPREGO;SEPROC;041.035/2021-6;05/11/2025;
Ofício 044.470/2025;SECRETARIA-EXECUTIVA DO MINISTÉRIO DO TRABALHO E EMPREGO;SECRETÁRIO(A)-EXECUTIVO(A) DO MINISTÉRIO DO TRABALHO E EMPREGO;SEPROC;019.652/2023-2;03/11/2025;
Ofício 043.224/2025;SECRETARIA-EXECUTIVA DO MINISTÉRIO DO TRABALHO E EMPREGO;SECRETÁRIO(A)-EXECUTIVO(A) DO MINISTÉRIO DO TRABALHO E EMPREGO;SEPROC;002.978/2024-5;03/11/2025;
Ofício 045.852/2025;SECRETARIA-EXECUTIVA DO MINISTÉRIO DO TRABALHO E EMPREGO;FRANCISCO MACENA DA SILVA;SEPROC;028.516/2024-9;31/10/2025;17/11/2025
Ofício 045.853/2025;FUNDO DE AMPARO AO TRABALHADOR;SÉRGIO LUIZ LEITE;SEPROC;028.516/2024-9;31/10/2025;
Ofício 045.855/2025;ASSESSORIA ESPECIAL DE CONTROLE INTERNO DO MINISTÉRIO DO TRABALHO E EMPREGO;CHEFE DA ASSESSORIA ESPECIAL DE CONTROLE INTERNO DO MINISTÉRIO DO TRABALHO E EMPREGO;SEPROC;028.516/2024-9;31/10/2025;
Ofício 045.148/2025;SECRETARIA-EXECUTIVA DO MINISTÉRIO DO TRABALHO E EMPREGO;FRANCISCO MACENA DA SILVA;SEPROC;008.257/2024-8;28/10/2025;
Ofício 044.176/2025;SECRETARIA-EXECUTIVA DO MINISTÉRIO DO TRABALHO E EMPREGO;SECRETÁRIO(A)-EXECUTIVO(A) DO MINISTÉRIO DO TRABALHO E EMPREGO;SEPROC;031.437/2022-2;23/10/2025;
Ofício 043.548/2025;SECRETARIA-EXECUTIVA DO MINISTÉRIO DO TRABALHO E EMPREGO;SECRETÁRIO(A)-EXECUTIVO(A) DO MINISTÉRIO DO TRABALHO E EMPREGO;SEPROC;014.111/2025-0;23/10/2025;
Ofício 043.863/2025;SECRETARIA-EXECUTIVA DO MINISTÉRIO DO TRABALHO E EMPREGO;SECRETÁRIO(A)-EXECUTIVO(A) DO MINISTÉRIO DO TRABALHO E EMPREGO;SEPROC;015.056/2024-4;22/10/2025;
Ofício 044.563/2025;SECRETARIA-EXECUTIVA DO MINISTÉRIO DO TRABALHO E EMPREGO;SECRETÁRIO(A)-EXECUTIVO(A) DO MINISTÉRIO DO TRABALHO E EMPREGO;SEPROC;014.112/2025-6;21/10/2025;
Ofício 042.786/2025;SECRETARIA-EXECUTIVA DO MINISTÉRIO DO TRABALHO E EMPREGO;SECRETÁRIO(A)-EXECUTIVO(A) DO MINISTÉRIO DO TRABALHO E EMPREGO;SEPROC;015.026/2025-6;20/10/2025;
Ofício 041.872/2025;SECRETARIA-EXECUTIVA DO MINISTÉRIO DO TRABALHO E EMPREGO;SECRETÁRIO(A)-EXECUTIVO(A) DO MINISTÉRIO DO TRABALHO E EMPREGO;SEPROC;035.063/2023-8;10/10/2025;
Ofício 042.954/2025;SECRETARIA-EXECUTIVA DO MINISTÉRIO DO TRABALHO E EMPREGO;FRANCISCO MACENA DA SILVA;SEPROC;025.478/2013-3;09/10/2025;
Ofício 042.601/2025;SECRETARIA-EXECUTIVA DO MINISTÉRIO DO TRABALHO E EMPREGO;FRANCISCO MACENA DA SILVA;SEPROC;039.676/2012-9;06/10/2025;
Ofício 042.175/2025;SECRETARIA-EXECUTIVA DO MINISTÉRIO DO TRABALHO E EMPREGO;FRANCISCO MACENA DA SILVA;SEPROC;005.610/2024-9;03/10/2025;
Ofício 041.825/2025;SECRETARIA-EXECUTIVA DO MINISTÉRIO DO TRABALHO E EMPREGO;SECRETÁRIO(A)-EXECUTIVO(A) DO MINISTÉRIO DO TRABALHO E EMPREGO;SEPROC;000.498/2024-6;02/10/2025;
Ofício 041.709/2025;ASSESSORIA ESPECIAL DE CONTROLE INTERNO DO MINISTÉRIO DO TRABALHO E EMPREGO;CHEFE DA ASSESSORIA ESPECIAL DE CONTROLE INTERNO DO MINISTÉRIO DO TRABALHO E EMPREGO;SEPROC;003.879/2021-6;01/10/2025;
Ofício 000.140/2025;SUPERINTENDÊNCIA REGIONAL DO TRABALHO NO ESTADO DE ALAGOAS;SUPERINTENDENTE;SRI-ADJUNTA;;01/10/2025;
Ofício 000.139/2025;SECRETARIA-EXECUTIVA DO MINISTÉRIO DO TRABALHO E EMPREGO;FRANCISCO MACENA DA SILVA;SRI-ADJUNTA;;01/10/2025;
Ofício 040.629/2025;SECRETARIA-EXECUTIVA DO MINISTÉRIO DO TRABALHO E EMPREGO;SECRETÁRIO(A)-EXECUTIVO(A) DO MINISTÉRIO DO TRABALHO E EMPREGO;SEPROC;005.226/2023-6;30/09/2025;10/11/2025
Ofício 040.722/2025;SECRETARIA-EXECUTIVA DO MINISTÉRIO DO TRABALHO E EMPREGO;SECRETÁRIO(A)-EXECUTIVO(A) DO MINISTÉRIO DO TRABALHO E EMPREGO;SEPROC;017.071/2020-8;24/09/2025;
Ofício 039.807/2025;SECRETARIA-EXECUTIVA DO MINISTÉRIO DO TRABALHO E EMPREGO;SECRETÁRIO(A)-EXECUTIVO(A) DO MINISTÉRIO DO TRABALHO E EMPREGO;SEPROC;009.654/2023-2;24/09/2025;
Ofício 040.663/2025;SECRETARIA-EXECUTIVA DO MINISTÉRIO DO TRABALHO E EMPREGO;FRANCISCO MACENA DA SILVA;SEPROC;039.676/2012-9;23/09/2025;
Ofício 040.229/2025;SUPERINTENDÊNCIA REGIONAL DO TRABALHO NO ESTADO DE RONDÔNIA;SUPERINTENDENTE REGIONAL;SEPROC;045.307/2021-0;22/09/2025;
Ofício 038.937/2025;SECRETARIA-EXECUTIVA DO MINISTÉRIO DO TRABALHO E EMPREGO;FRANCISCO MACENA DA SILVA;SEPROC;015.056/2024-4;17/09/2025;
Ofício 039.515/2025;ASSESSORIA ESPECIAL DE CONTROLE INTERNO DO MINISTÉRIO DO TRABALHO E EMPREGO;CHEFE DA ASSESSORIA ESPECIAL DE CONTROLE INTERNO DO MINISTÉRIO DO TRABALHO E EMPREGO;SEPROC;;16/09/2025;
Ofício 038.392/2025;FUNDO DE AMPARO AO TRABALHADOR;SECRETÁRIO(A)- EXECUTIVO DO FUNDO DE AMPARO AO TRABALHADOR;SEPROC;016.041/2025-9;15/09/2025;
Ofício 038.737/2025;SECRETARIA-EXECUTIVA DO MINISTÉRIO DO TRABALHO E EMPREGO;FRANCISCO MACENA DA SILVA;SEPROC;016.041/2025-9;15/09/2025;
Ofício 038.393/2025;FUNDO DE GARANTIA POR TEMPO DE SERVIÇO;SECRETÁRIO-EXECUTIVO DO CONSELHO CURADOR DO FGTS;SEPROC;016.041/2025-9;15/09/2025;
Ofício 038.513/2025;SECRETARIA-EXECUTIVA DO MINISTÉRIO DO TRABALHO E EMPREGO;FRANCISCO MACENA DA SILVA;SEPROC;035.063/2023-8;12/09/2025;
Ofício 037.897/2025;SECRETARIA-EXECUTIVA DO MINISTÉRIO DO TRABALHO E EMPREGO;FRANCISCO MACENA DA SILVA;SEPROC;013.970/2022-4;08/09/2025;
Ofício 037.576/2025;SECRETARIA-EXECUTIVA DO MINISTÉRIO DO TRABALHO E EMPREGO;FRANCISCO MACENA DA SILVA;SEPROC;003.936/2025-2;08/09/2025;24/09/2025
Ofício 037.464/2025;SECRETARIA-EXECUTIVA DO MINISTÉRIO DO TRABALHO E EMPREGO;FRANCISCO MACENA DA SILVA;SEPROC;008.761/2020-5;08/09/2025;
Ofício 036.627/2025;SECRETARIA-EXECUTIVA DO MINISTÉRIO DO TRABALHO E EMPREGO;FRANCISCO MACENA DA SILVA;SEPROC;024.405/2024-8;05/09/2025;20/10/2025
Ofício 037.039/2025;SECRETARIA-EXECUTIVA DO MINISTÉRIO DO TRABALHO E EMPREGO;FRANCISCO MACENA DA SILVA;SEPROC;000.375/2025-0;05/09/2025;22/04/2026
Ofício 035.910/2025;SECRETARIA-EXECUTIVA DO MINISTÉRIO DO TRABALHO E EMPREGO;FRANCISCO MACENA DA SILVA;SEPROC;035.074/2023-0;04/09/2025;
Ofício 036.183/2025;SECRETARIA-EXECUTIVA DO MINISTÉRIO DO TRABALHO E EMPREGO;FRANCISCO MACENA DA SILVA;SEPROC;004.729/2023-4;03/09/2025;
Ofício 035.934/2025;SECRETARIA-EXECUTIVA DO MINISTÉRIO DO TRABALHO E EMPREGO;FRANCISCO MACENA DA SILVA;SEPROC;009.123/2025-3;01/09/2025;02/09/2025
Ofício 033.868/2025;SECRETARIA-EXECUTIVA DO MINISTÉRIO DO TRABALHO E EMPREGO;FRANCISCO MACENA DA SILVA;SEPROC;011.481/2016-1;29/08/2025;
Ofício 035.518/2025;MINISTÉRIO DO TRABALHO E EMPREGO;FRANCISCO MACENA DA SILVA;SEPROC;014.977/2021-4;27/08/2025;
Ofício 035.066/2025;SECRETARIA-EXECUTIVA DO MINISTÉRIO DO TRABALHO E EMPREGO;FRANCISCO MACENA DA SILVA;SEPROC;015.103/2025-0;27/08/2025;09/09/2025
Ofício 034.940/2025;SECRETARIA-EXECUTIVA DO MINISTÉRIO DO TRABALHO E EMPREGO;FRANCISCO MACENA DA SILVA;SEPROC;004.819/2023-3;27/08/2025;26/11/2025
Ofício 000.683/2025;SECRETARIA-EXECUTIVA DO MINISTÉRIO DO TRABALHO E EMPREGO;FRANCISCO MACENA DA SILVA;AUDEDUCAÇÃO;011.103/2025-6;26/08/2025;10/09/2025
Ofício 035.274/2025;MINISTÉRIO DO TRABALHO E EMPREGO;FRANCISCO MACENA DA SILVA;SEPROC;015.381/2024-2;26/08/2025;
Ofício 035.277/2025;MINISTÉRIO DO TRABALHO E EMPREGO;FRANCISCO MACENA DA SILVA;SEPROC;032.935/2023-4;26/08/2025;
Ofício 034.380/2025;SECRETARIA-EXECUTIVA DO MINISTÉRIO DO TRABALHO E EMPREGO;FRANCISCO MACENA DA SILVA;SEPROC;032.344/2023-6;21/08/2025;
Ofício 032.417/2025;SECRETARIA-EXECUTIVA DO MINISTÉRIO DO TRABALHO E EMPREGO;FRANCISCO MACENA DA SILVA;SEPROC;005.607/2024-8;21/08/2025;
Ofício 033.863/2025;SECRETARIA-EXECUTIVA DO MINISTÉRIO DO TRABALHO E EMPREGO;FRANCISCO MACENA DA SILVA;SEPROC;008.210/2025-0;20/08/2025;
Ofício 033.588/2025;SUPERINTENDÊNCIA REGIONAL DO TRABALHO NO ESTADO DE RONDÔNIA;SUPERINTENDENTE REGIONAL;SEPROC;045.309/2021-3;19/08/2025;
Ofício 033.988/2025;FUNDO DE AMPARO AO TRABALHADOR;PRESIDENTE DO CONSELHO DELIBERATIVO DO FUNDO DE AMPARO AO TRABALHADOR;SEPROC;028.516/2024-9;18/08/2025;02/09/2025
Ofício 033.987/2025;SECRETARIA-EXECUTIVA DO MINISTÉRIO DO TRABALHO E EMPREGO;FRANCISCO MACENA DA SILVA;SEPROC;028.516/2024-9;18/08/2025;02/09/2025
Ofício 031.340/2025;SECRETARIA-EXECUTIVA DO MINISTÉRIO DO TRABALHO E EMPREGO;FRANCISCO MACENA DA SILVA;SEPROC;005.178/2025-8;18/08/2025;
Ofício 033.914/2025;SECRETARIA-EXECUTIVA DO MINISTÉRIO DO TRABALHO E EMPREGO;FRANCISCO MACENA DA SILVA;SEPROC;041.010/2018-3;18/08/2025;
Ofício 032.534/2025;SECRETARIA-EXECUTIVA DO MINISTÉRIO DO TRABALHO E EMPREGO;FRANCISCO MACENA DA SILVA;SEPROC;032.930/2023-2;15/08/2025;
Ofício 033.140/2025;SECRETARIA-EXECUTIVA DO MINISTÉRIO DO TRABALHO E EMPREGO;FRANCISCO MACENA DA SILVA;SEPROC;016.041/2025-9;15/08/2025;
Ofício 032.987/2025;FUNDO DE AMPARO AO TRABALHADOR;SECRETÁRIO(A)- EXECUTIVO DO FUNDO DE AMPARO AO TRABALHADOR;SEPROC;016.041/2025-9;15/08/2025;
Ofício 032.988/2025;FUNDO DE GARANTIA POR TEMPO DE SERVIÇO;SECRETÁRIO-EXECUTIVO DO CONSELHO CURADOR DO FGTS;SEPROC;016.041/2025-9;15/08/2025;
Ofício 030.802/2025;SECRETARIA-EXECUTIVA DO MINISTÉRIO DO TRABALHO E EMPREGO;FRANCISCO MACENA DA SILVA;SEPROC;025.727/2024-9;14/08/2025;
Ofício 033.061/2025;SECRETARIA-EXECUTIVA DO MINISTÉRIO DO TRABALHO E EMPREGO;FRANCISCO MACENA DA SILVA;SEPROC;028.024/2015-0;13/08/2025;
Ofício 032.517/2025;SECRETARIA-EXECUTIVA DO MINISTÉRIO DO TRABALHO E EMPREGO;FRANCISCO MACENA DA SILVA;SEPROC;032.133/2023-5;13/08/2025;
Ofício 029.846/2025;SECRETARIA-EXECUTIVA DO MINISTÉRIO DO TRABALHO E EMPREGO;FRANCISCO MACENA DA SILVA;SEPROC;031.376/2018-5;12/08/2025;
Ofício 030.926/2025;ASSESSORIA ESPECIAL DE CONTROLE INTERNO DO MINISTÉRIO DO TRABALHO E EMPREGO;CHEFE DA ASSESSORIA ESPECIAL DE CONTROLE INTERNO DO MINISTÉRIO DO TRABALHO E EMPREGO;SEPROC;003.879/2021-6;12/08/2025;
Ofício 031.635/2025;SECRETARIA-EXECUTIVA DO MINISTÉRIO DO TRABALHO E EMPREGO;FRANCISCO MACENA DA SILVA;SEPROC;022.919/2023-6;12/08/2025;
Ofício 030.994/2025;SECRETARIA-EXECUTIVA DO MINISTÉRIO DO TRABALHO E EMPREGO;FRANCISCO MACENA DA SILVA;SEPROC;005.135/2025-7;11/08/2025;
Ofício 031.025/2025;SECRETARIA-EXECUTIVA DO MINISTÉRIO DO TRABALHO E EMPREGO;FRANCISCO MACENA DA SILVA;SEPROC;007.714/2024-6;08/08/2025;
Ofício 000.082/2025;ASSESSORIA ESPECIAL DE CONTROLE INTERNO DO MINISTÉRIO DO TRABALHO E EMPREGO;ASSESSORIA DE CONTROLE INTERNO;AUDCONTRATAÇÕES;008.885/2025-7;08/08/2025;19/08/2025
Ofício 031.879/2025;SECRETARIA-EXECUTIVA DO MINISTÉRIO DO TRABALHO E EMPREGO;FRANCISCO MACENA DA SILVA;SEPROC;014.897/2025-3;08/08/2025;
Ofício 030.621/2025;SECRETARIA-EXECUTIVA DO MINISTÉRIO DO TRABALHO E EMPREGO;FRANCISCO MACENA DA SILVA;SEPROC;019.267/2023-1;08/08/2025;
Ofício 031.558/2025;SECRETARIA-EXECUTIVA DO MINISTÉRIO DO TRABALHO E EMPREGO;FRANCISCO MACENA DA SILVA;SEPROC;008.936/2025-0;07/08/2025;
Ofício 031.550/2025;SECRETARIA-EXECUTIVA DO MINISTÉRIO DO TRABALHO E EMPREGO;FRANCISCO MACENA DA SILVA;SEPROC;014.579/2025-1;07/08/2025;
Ofício 030.028/2025;SECRETARIA-EXECUTIVA DO MINISTÉRIO DO TRABALHO E EMPREGO;FRANCISCO MACENA DA SILVA;SEPROC;018.447/2024-4;06/08/2025;
Ofício 030.298/2025;SECRETARIA-EXECUTIVA DO MINISTÉRIO DO TRABALHO E EMPREGO;FRANCISCO MACENA DA SILVA;SEPROC;020.772/2022-0;06/08/2025;
Ofício 029.486/2025;SECRETARIA-EXECUTIVA DO MINISTÉRIO DO TRABALHO E EMPREGO;FRANCISCO MACENA DA SILVA;SEPROC;005.610/2024-9;04/08/2025;
Ofício 000.161/2025;MINISTÉRIO DO TRABALHO E EMPREGO;SECRETÁRIO-EXECUTIVO DO MINISTÉRIO DO TRABALHO E EMPREGO;AUDTI;015.553/2025-6;01/08/2025;
Ofício 029.095/2025;SECRETARIA-EXECUTIVA DO MINISTÉRIO DO TRABALHO E EMPREGO;FRANCISCO MACENA DA SILVA;SEPROC;000.167/2025-8;30/07/2025;
Ofício 030.059/2025;SECRETARIA-EXECUTIVA DO MINISTÉRIO DO TRABALHO E EMPREGO;FRANCISCO MACENA DA SILVA;SEPROC;014.460/2025-4;30/07/2025;
Ofício 028.804/2025;SECRETARIA-EXECUTIVA DO MINISTÉRIO DO TRABALHO E EMPREGO;FRANCISCO MACENA DA SILVA;SEPROC;004.729/2023-4;30/07/2025;
Ofício 029.395/2025;ASSESSORIA ESPECIAL DE CONTROLE INTERNO DO MINISTÉRIO DO TRABALHO E EMPREGO;CHEFE DA ASSESSORIA ESPECIAL DE CONTROLE INTERNO DO MINISTÉRIO DO TRABALHO E EMPREGO;SEPROC;003.879/2021-6;30/07/2025;
Ofício 029.409/2025;SECRETARIA-EXECUTIVA DO MINISTÉRIO DO TRABALHO E EMPREGO;FRANCISCO MACENA DA SILVA;SEPROC;041.035/2021-6;24/07/2025;
Ofício 029.421/2025;SECRETARIA-EXECUTIVA DO MINISTÉRIO DO TRABALHO E EMPREGO;FRANCISCO MACENA DA SILVA;SEPROC;041.106/2018-0;24/07/2025;
Ofício 027.595/2025;SECRETARIA-EXECUTIVA DO MINISTÉRIO DO TRABALHO E EMPREGO;FRANCISCO MACENA DA SILVA;SEPROC;005.807/2024-7;24/07/2025;22/10/2025
Ofício 028.091/2025;SECRETARIA-EXECUTIVA DO MINISTÉRIO DO TRABALHO E EMPREGO;FRANCISCO MACENA DA SILVA;SEPROC;000.474/2024-0;22/07/2025;
Ofício 028.122/2025;SECRETARIA-EXECUTIVA DO MINISTÉRIO DO TRABALHO E EMPREGO;FRANCISCO MACENA DA SILVA;SEPROC;019.968/2022-1;17/07/2025;
Ofício 028.124/2025;SECRETARIA-EXECUTIVA DO MINISTÉRIO DO TRABALHO E EMPREGO;FRANCISCO MACENA DA SILVA;SEPROC;038.305/2021-6;17/07/2025;
Ofício 027.848/2025;SECRETARIA-EXECUTIVA DO MINISTÉRIO DO TRABALHO E EMPREGO;FRANCISCO MACENA DA SILVA;SEPROC;030.546/2022-2;15/07/2025;
Ofício 027.849/2025;SECRETARIA-EXECUTIVA DO MINISTÉRIO DO TRABALHO E EMPREGO;FRANCISCO MACENA DA SILVA;SEPROC;039.857/2023-9;15/07/2025;
Ofício 026.671/2025;SECRETARIA-EXECUTIVA DO MINISTÉRIO DO TRABALHO E EMPREGO;FRANCISCO MACENA DA SILVA;SEPROC;032.932/2023-5;14/07/2025;
Ofício 024.495/2025;SECRETARIA-EXECUTIVA DO MINISTÉRIO DO TRABALHO E EMPREGO;FRANCISCO MACENA DA SILVA;SEPROC;016.714/2021-0;11/07/2025;03/09/2025
Ofício 025.727/2025;SECRETARIA-EXECUTIVA DO MINISTÉRIO DO TRABALHO E EMPREGO;FRANCISCO MACENA DA SILVA;SEPROC;005.607/2024-8;10/07/2025;
Ofício 026.113/2025;ASSESSORIA ESPECIAL DE CONTROLE INTERNO DO MINISTÉRIO DO TRABALHO E EMPREGO;CHEFE DA ASSESSORIA ESPECIAL DE CONTROLE INTERNO DO MINISTÉRIO DO TRABALHO E EMPREGO;SEPROC;028.377/2020-6;10/07/2025;
Ofício 026.292/2025;SECRETARIA-EXECUTIVA DO MINISTÉRIO DO TRABALHO E EMPREGO;FRANCISCO MACENA DA SILVA;SEPROC;013.970/2022-4;10/07/2025;
Ofício 026.196/2025;SECRETARIA-EXECUTIVA DO MINISTÉRIO DO TRABALHO E EMPREGO;FRANCISCO MACENA DA SILVA;SEPROC;006.866/2024-7;09/07/2025;
Ofício 024.683/2025;SECRETARIA-EXECUTIVA DO MINISTÉRIO DO TRABALHO E EMPREGO;FRANCISCO MACENA DA SILVA;SEPROC;009.980/2024-5;08/07/2025;
Ofício 022.368/2025;SECRETARIA-EXECUTIVA DO MINISTÉRIO DO TRABALHO E EMPREGO;FRANCISCO MACENA DA SILVA;SEPROC;024.221/2024-4;07/07/2025;
Ofício 023.697/2025;SECRETARIA-EXECUTIVA DO MINISTÉRIO DO TRABALHO E EMPREGO;FRANCISCO MACENA DA SILVA;SEPROC;020.985/2023-1;03/07/2025;20/08/2025
Ofício 025.608/2025;SECRETARIA-EXECUTIVA DO MINISTÉRIO DO TRABALHO E EMPREGO;FRANCISCO MACENA DA SILVA;SEPROC;009.124/2025-0;03/07/2025;
Ofício 022.774/2025;SECRETARIA-EXECUTIVA DO MINISTÉRIO DO TRABALHO E EMPREGO;FRANCISCO MACENA DA SILVA;SEPROC;024.223/2024-7;02/07/2025;
Ofício 024.197/2025;SECRETARIA-EXECUTIVA DO MINISTÉRIO DO TRABALHO E EMPREGO;FRANCISCO MACENA DA SILVA;SEPROC;014.486/2005-0;30/06/2025;
Ofício 023.495/2025;SECRETARIA-EXECUTIVA DO MINISTÉRIO DO TRABALHO E EMPREGO;FRANCISCO MACENA DA SILVA;SEPROC;032.935/2023-4;30/06/2025;
Ofício 023.411/2025;SECRETARIA-EXECUTIVA DO MINISTÉRIO DO TRABALHO E EMPREGO;FRANCISCO MACENA DA SILVA;SEPROC;015.381/2024-2;30/06/2025;
Ofício 022.594/2025;SECRETARIA-EXECUTIVA DO MINISTÉRIO DO TRABALHO E EMPREGO;FRANCISCO MACENA DA SILVA;SEPROC;003.024/2025-3;27/06/2025;
Ofício 021.227/2025;SECRETARIA-EXECUTIVA DO MINISTÉRIO DO TRABALHO E EMPREGO;FRANCISCO MACENA DA SILVA;SEPROC;032.934/2023-8;25/06/2025;12/08/2025
Ofício 021.605/2025;SECRETARIA-EXECUTIVA DO MINISTÉRIO DO TRABALHO E EMPREGO;FRANCISCO MACENA DA SILVA;SEPROC;025.002/2024-4;25/06/2025;
Ofício 023.380/2025;Identidade preservada;FRANCISCO MACENA DA SILVA;SEPROC;005.604/2025-7;25/06/2025;
Ofício 023.294/2025;SECRETARIA-EXECUTIVA DO MINISTÉRIO DO TRABALHO E EMPREGO;FRANCISCO MACENA DA SILVA;SEPROC;009.123/2025-3;24/06/2025;
Ofício 023.032/2025;SECRETARIA-EXECUTIVA DO MINISTÉRIO DO TRABALHO E EMPREGO;FRANCISCO MACENA DA SILVA;SEPROC;007.641/2022-2;23/06/2025;
Ofício 022.037/2025;SECRETARIA-EXECUTIVA DO MINISTÉRIO DO TRABALHO E EMPREGO;FRANCISCO MACENA DA SILVA;SEPROC;017.773/2024-5;23/06/2025;
Ofício 022.462/2025;SECRETARIA-EXECUTIVA DO MINISTÉRIO DO TRABALHO E EMPREGO;FRANCISCO MACENA DA SILVA;SEPROC;009.123/2025-3;23/06/2025;08/07/2025
Ofício 000.031/2025;SECRETARIA-EXECUTIVA DO MINISTÉRIO DO TRABALHO E EMPREGO;CLAUDIO ANTONIO DE ALMEIDA PY;AUDBENEFÍCIOS;000.890/2025-1;23/06/2025;03/07/2025
Ofício 022.401/2025;SECRETARIA-EXECUTIVA DO MINISTÉRIO DO TRABALHO E EMPREGO;FRANCISCO MACENA DA SILVA;SEPROC;027.908/2020-8;23/06/2025;
Ofício 022.125/2025;SECRETARIA-EXECUTIVA DO MINISTÉRIO DO TRABALHO E EMPREGO;FRANCISCO MACENA DA SILVA;SEPROC;005.604/2024-9;18/06/2025;22/08/2025
Ofício 021.919/2025;SECRETARIA-EXECUTIVA DO MINISTÉRIO DO TRABALHO E EMPREGO;FRANCISCO MACENA DA SILVA;SEPROC;013.130/2022-6;17/06/2025;
Ofício 019.983/2025;SECRETARIA-EXECUTIVA DO MINISTÉRIO DO TRABALHO E EMPREGO;FRANCISCO MACENA DA SILVA;SEPROC;000.526/2024-0;13/06/2025;
Ofício 019.142/2025;SECRETARIA-EXECUTIVA DO MINISTÉRIO DO TRABALHO E EMPREGO;FRANCISCO MACENA DA SILVA;SEPROC;004.754/2023-9;13/06/2025;
Ofício 020.403/2025;SECRETARIA-EXECUTIVA DO MINISTÉRIO DO TRABALHO E EMPREGO;FRANCISCO MACENA DA SILVA;SEPROC;002.193/2023-0;13/06/2025;
Ofício 020.882/2025;SECRETARIA-EXECUTIVA DO MINISTÉRIO DO TRABALHO E EMPREGO;FRANCISCO MACENA DA SILVA;SEPROC;008.761/2020-5;11/06/2025;
Ofício 019.729/2025;SECRETARIA-EXECUTIVA DO MINISTÉRIO DO TRABALHO E EMPREGO;FRANCISCO MACENA DA SILVA;SEPROC;035.206/2023-3;11/06/2025;
Ofício 019.418/2025;SECRETARIA-EXECUTIVA DO MINISTÉRIO DO TRABALHO E EMPREGO;FRANCISCO MACENA DA SILVA;SEPROC;000.477/2024-9;09/06/2025;
Ofício 020.444/2025;CONSELHO CURADOR DO FUNDO DE GARANTIA POR TEMPO DE SERVIÇO;QUENIO CERQUEIRA DE FRANÇA;SEPROC;008.950/2025-3;04/06/2025;
Ofício 019.075/2025;SECRETARIA-EXECUTIVA DO MINISTÉRIO DO TRABALHO E EMPREGO;FRANCISCO MACENA DA SILVA;SEPROC;019.822/2024-3;02/06/2025;
Ofício 018.887/2025;SECRETARIA-EXECUTIVA DO MINISTÉRIO DO TRABALHO E EMPREGO;FRANCISCO MACENA DA SILVA;SEPROC;012.037/2016-8;30/05/2025;
Ofício 019.462/2025;SECRETARIA-EXECUTIVA DO MINISTÉRIO DO TRABALHO E EMPREGO;FRANCISCO MACENA DA SILVA;SEPROC;025.696/2024-6;30/05/2025;
Ofício 019.464/2025;SECRETARIA-EXECUTIVA DO MINISTÉRIO DO TRABALHO E EMPREGO;FRANCISCO MACENA DA SILVA;SEPROC;025.668/2024-2;30/05/2025;
Ofício 019.043/2025;SECRETARIA-EXECUTIVA DO MINISTÉRIO DO TRABALHO E EMPREGO;FRANCISCO MACENA DA SILVA;SEPROC;035.063/2023-8;30/05/2025;
Ofício 018.707/2025;SECRETARIA-EXECUTIVA DO MINISTÉRIO DO TRABALHO E EMPREGO;FRANCISCO MACENA DA SILVA;SEPROC;024.224/2024-3;30/05/2025;
Ofício 019.471/2025;ASSESSORIA ESPECIAL DE CONTROLE INTERNO DO MINISTÉRIO DO TRABALHO E EMPREGO;CHEFE DA ASSESSORIA ESPECIAL DE CONTROLE INTERNO DO MINISTÉRIO DO TRABALHO E EMPREGO;SEPROC;035.735/2020-1;29/05/2025;
Ofício 018.749/2025;SECRETARIA-EXECUTIVA DO MINISTÉRIO DO TRABALHO E EMPREGO;FRANCISCO MACENA DA SILVA;SEPROC;036.315/2023-0;27/05/2025;25/07/2025
Ofício 018.076/2025;SECRETARIA-EXECUTIVA DO MINISTÉRIO DO TRABALHO E EMPREGO;FRANCISCO MACENA DA SILVA;SEPROC;038.305/2021-6;27/05/2025;
Ofício 018.704/2025;SECRETARIA-EXECUTIVA DO MINISTÉRIO DO TRABALHO E EMPREGO;FRANCISCO MACENA DA SILVA;SEPROC;021.991/2024-3;27/05/2025;
Ofício 016.846/2025;SECRETARIA-EXECUTIVA DO MINISTÉRIO DO TRABALHO E EMPREGO;FRANCISCO MACENA DA SILVA;SEPROC;035.074/2023-0;27/05/2025;
Ofício 017.751/2025;SECRETARIA-EXECUTIVA DO MINISTÉRIO DO TRABALHO E EMPREGO;FRANCISCO MACENA DA SILVA;SEPROC;041.106/2018-0;27/05/2025;
Ofício 018.676/2025;SECRETARIA-EXECUTIVA DO MINISTÉRIO DO TRABALHO E EMPREGO;FRANCISCO MACENA DA SILVA;SEPROC;008.443/2024-6;27/05/2025;25/06/2025
Ofício 018.261/2025;FUNDO DE AMPARO AO TRABALHADOR;SECRETÁRIO(A)- EXECUTIVO DO FUNDO DE AMPARO AO TRABALHADOR;SEPROC;014.686/2016-3;23/05/2025;
Ofício 018.479/2025;SECRETARIA-EXECUTIVA DO MINISTÉRIO DO TRABALHO E EMPREGO;FRANCISCO MACENA DA SILVA;SEPROC;028.516/2024-9;22/05/2025;
Ofício 017.493/2025;SECRETARIA-EXECUTIVA DO MINISTÉRIO DO TRABALHO E EMPREGO;FRANCISCO MACENA DA SILVA;SEPROC;024.225/2024-0;22/05/2025;
Ofício 018.120/2025;SUPERINTENDÊNCIA REGIONAL DO TRABALHO NO ESTADO DO MARANHÃO;SUPERINTENDÊNCIA REGIONAL DO TRABALHO E EMPREGO NO MARANHÃO;SEPROC;010.349/2003-6;21/05/2025;
Ofício 016.053/2025;SECRETARIA-EXECUTIVA DO MINISTÉRIO DO TRABALHO E EMPREGO;FRANCISCO MACENA DA SILVA;SEPROC;032.135/2023-8;21/05/2025;
Ofício 016.698/2025;SECRETARIA-EXECUTIVA DO MINISTÉRIO DO TRABALHO E EMPREGO;FRANCISCO MACENA DA SILVA;SEPROC;031.793/2022-3;21/05/2025;
Ofício 016.364/2025;SECRETARIA-EXECUTIVA DO MINISTÉRIO DO TRABALHO E EMPREGO;FRANCISCO MACENA DA SILVA;SEPROC;023.984/2016-3;21/05/2025;
Ofício 017.314/2025;FUNDO DE AMPARO AO TRABALHADOR;PRESIDENTE DO CONSELHO DELIBERATIVO DO FUNDO DE AMPARO AO TRABALHADOR;SEPROC;007.610/2025-4;20/05/2025;
Ofício 015.918/2025;SECRETARIA-EXECUTIVA DO MINISTÉRIO DO TRABALHO E EMPREGO;FRANCISCO MACENA DA SILVA;SEPROC;035.071/2023-0;20/05/2025;
Ofício 014.586/2025;SECRETARIA-EXECUTIVA DO MINISTÉRIO DO TRABALHO E EMPREGO;FRANCISCO MACENA DA SILVA;SEPROC;014.815/2023-0;20/05/2025;
Ofício 016.168/2025;SECRETARIA-EXECUTIVA DO MINISTÉRIO DO TRABALHO E EMPREGO;FRANCISCO MACENA DA SILVA;SEPROC;019.823/2024-0;15/05/2025;
Ofício 015.489/2025;SECRETARIA-EXECUTIVA DO MINISTÉRIO DO TRABALHO E EMPREGO;FRANCISCO MACENA DA SILVA;SEPROC;002.193/2023-0;15/05/2025;
Ofício 015.248/2025;SECRETARIA-EXECUTIVA DO MINISTÉRIO DO TRABALHO E EMPREGO;FRANCISCO MACENA DA SILVA;SEPROC;024.704/2024-5;14/05/2025;
Ofício 016.234/2025;MINISTÉRIO DO TRABALHO E EMPREGO;FRANCISCO MACENA DA SILVA;SEPROC;000.528/2024-2;14/05/2025;
Ofício 015.727/2025;SECRETARIA-EXECUTIVA DO MINISTÉRIO DO TRABALHO E EMPREGO;FRANCISCO MACENA DA SILVA;SEPROC;030.546/2022-2;13/05/2025;
Ofício 015.037/2025;SECRETARIA-EXECUTIVA DO MINISTÉRIO DO TRABALHO E EMPREGO;FRANCISCO MACENA DA SILVA;SEPROC;031.812/2022-8;13/05/2025;
Ofício 015.104/2025;MINISTÉRIO DO TRABALHO E EMPREGO;FRANCISCO MACENA DA SILVA;SEPROC;024.249/2016-5;09/05/2025;
Ofício 014.725/2025;SECRETARIA-EXECUTIVA DO MINISTÉRIO DO TRABALHO E EMPREGO;FRANCISCO MACENA DA SILVA;SEPROC;004.742/2023-0;06/05/2025;
Ofício 014.687/2025;Identidade preservada;FRANCISCO MACENA DA SILVA;SEPROC;024.939/2024-2;05/05/2025;21/05/2025
Ofício 013.660/2025;SECRETARIA-EXECUTIVA DO MINISTÉRIO DO TRABALHO E EMPREGO;FRANCISCO MACENA DA SILVA;SEPROC;023.024/2024-0;30/04/2025;
Ofício 013.666/2025;SECRETARIA-EXECUTIVA DO MINISTÉRIO DO TRABALHO E EMPREGO;FRANCISCO MACENA DA SILVA;SEPROC;019.830/2024-6;30/04/2025;
Ofício 013.817/2025;SECRETARIA-EXECUTIVA DO MINISTÉRIO DO TRABALHO E EMPREGO;FRANCISCO MACENA DA SILVA;SEPROC;018.425/2024-0;29/04/2025;
Ofício 013.774/2025;SECRETARIA-EXECUTIVA DO MINISTÉRIO DO TRABALHO E EMPREGO;FRANCISCO MACENA DA SILVA;SEPROC;004.729/2023-4;29/04/2025;
Ofício 013.102/2025;ASSESSORIA ESPECIAL DE CONTROLE INTERNO DO MINISTÉRIO DO TRABALHO E EMPREGO;CHEFE DA ASSESSORIA ESPECIAL DE CONTROLE INTERNO DO MINISTÉRIO DO TRABALHO E EMPREGO;SEPROC;037.014/2018-8;25/04/2025;
Ofício 013.118/2025;SECRETARIA-EXECUTIVA DO MINISTÉRIO DO TRABALHO E EMPREGO;FRANCISCO MACENA DA SILVA;SEPROC;023.044/2024-1;25/04/2025;09/05/2025
Ofício 012.597/2025;SECRETARIA-EXECUTIVA DO MINISTÉRIO DO TRABALHO E EMPREGO;FRANCISCO MACENA DA SILVA;SEPROC;005.787/2024-6;16/04/2025;
Ofício 012.687/2025;SECRETARIA-EXECUTIVA DO MINISTÉRIO DO TRABALHO E EMPREGO;FRANCISCO MACENA DA SILVA;SEPROC;022.009/2024-8;16/04/2025;
Ofício 012.449/2025;ASSESSORIA ESPECIAL DE CONTROLE INTERNO DO MINISTÉRIO DO TRABALHO E EMPREGO;CHEFE DA ASSESSORIA ESPECIAL DE CONTROLE INTERNO DO MINISTÉRIO DO TRABALHO E EMPREGO;SEPROC;029.067/2010-3;15/04/2025;
Ofício 011.869/2025;SECRETARIA-EXECUTIVA DO MINISTÉRIO DO TRABALHO E EMPREGO;FRANCISCO MACENA DA SILVA;SEPROC;022.008/2024-1;10/04/2025;
Ofício 011.672/2025;SECRETARIA-EXECUTIVA DO MINISTÉRIO DO TRABALHO E EMPREGO;FRANCISCO MACENA DA SILVA;SEPROC;023.518/2024-3;10/04/2025;
Ofício 011.561/2025;SECRETARIA-EXECUTIVA DO MINISTÉRIO DO TRABALHO E EMPREGO;FRANCISCO MACENA DA SILVA;SEPROC;023.045/2024-8;08/04/2025;
Ofício 011.917/2025;SUPERINTENDÊNCIA REGIONAL DO TRABALHO NO ESTADO DE RONDÔNIA;SUPERINTENDENTE REGIONAL;SEPROC;009.995/2003-9;08/04/2025;
Ofício 011.649/2025;SECRETARIA-EXECUTIVA DO MINISTÉRIO DO TRABALHO E EMPREGO;FRANCISCO MACENA DA SILVA;SEPROC;022.919/2023-6;07/04/2025;08/07/2025
Ofício 009.200/2025;SECRETARIA-EXECUTIVA DO MINISTÉRIO DO TRABALHO E EMPREGO;FRANCISCO MACENA DA SILVA;SEPROC;024.695/2024-6;07/04/2025;
Ofício 011.214/2025;COORDENAÇÃO-GERAL DO FUNDO DE AMPARO AO TRABALHADOR;COORDENADOR(A)-GERAL DE RECURSOS DO FUNDO DE AMPARO AO TRABALHADOR;SEPROC;017.868/2020-3;03/04/2025;
Ofício 010.721/2025;SECRETARIA-EXECUTIVA DO MINISTÉRIO DO TRABALHO E EMPREGO;FRANCISCO MACENA DA SILVA;SEPROC;017.461/2024-3;01/04/2025;
Ofício 010.003/2025;SECRETARIA-EXECUTIVA DO MINISTÉRIO DO TRABALHO E EMPREGO;FRANCISCO MACENA DA SILVA;SEPROC;005.192/2025-0;28/03/2025;
Ofício 009.722/2025;SECRETARIA-EXECUTIVA DO MINISTÉRIO DO TRABALHO E EMPREGO;FRANCISCO MACENA DA SILVA;SEPROC;039.733/2019-0;28/03/2025;
Ofício 007.349/2025;SECRETARIA-EXECUTIVA DO MINISTÉRIO DO TRABALHO E EMPREGO;FRANCISCO MACENA DA SILVA;SEPROC;018.448/2024-0;28/03/2025;
Ofício 007.350/2025;SECRETARIA-EXECUTIVA DO MINISTÉRIO DO TRABALHO E EMPREGO;FRANCISCO MACENA DA SILVA;SEPROC;015.077/2024-1;28/03/2025;
Ofício 009.443/2025;SECRETARIA-EXECUTIVA DO MINISTÉRIO DO TRABALHO E EMPREGO;FRANCISCO MACENA DA SILVA;SEPROC;038.587/2021-1;27/03/2025;
Ofício 008.949/2025;SECRETARIA-EXECUTIVA DO MINISTÉRIO DO TRABALHO E EMPREGO;FRANCISCO MACENA DA SILVA;SEPROC;044.842/2021-0;27/03/2025;
Ofício 008.941/2025;SECRETARIA-EXECUTIVA DO MINISTÉRIO DO TRABALHO E EMPREGO;FRANCISCO MACENA DA SILVA;SEPROC;020.810/2023-7;24/03/2025;
Ofício 008.810/2025;SECRETARIA-EXECUTIVA DO MINISTÉRIO DO TRABALHO E EMPREGO;FRANCISCO MACENA DA SILVA;SEPROC;002.260/2024-7;24/03/2025;
Ofício 008.942/2025;FUNDO DE AMPARO AO TRABALHADOR;PRESIDENTE DO CONSELHO DELIBERATIVO DO FUNDO DE AMPARO AO TRABALHADOR;SEPROC;020.810/2023-7;21/03/2025;
Ofício 008.597/2025;SECRETARIA-EXECUTIVA DO MINISTÉRIO DO TRABALHO E EMPREGO;FRANCISCO MACENA DA SILVA;SEPROC;002.193/2023-0;20/03/2025;
Ofício 008.405/2025;SECRETARIA-EXECUTIVA DO MINISTÉRIO DO TRABALHO E EMPREGO;FRANCISCO MACENA DA SILVA;SEPROC;024.220/2024-8;20/03/2025;
Ofício 007.518/2025;SECRETARIA-EXECUTIVA DO MINISTÉRIO DO TRABALHO E EMPREGO;FRANCISCO MACENA DA SILVA;SEPROC;019.826/2024-9;19/03/2025;
Ofício 008.352/2025;SECRETARIA-EXECUTIVA DO MINISTÉRIO DO TRABALHO E EMPREGO;FRANCISCO MACENA DA SILVA;SEPROC;014.977/2021-4;19/03/2025;
Ofício 007.725/2025;SECRETARIA-EXECUTIVA DO MINISTÉRIO DO TRABALHO E EMPREGO;FRANCISCO MACENA DA SILVA;SEPROC;023.049/2024-3;19/03/2025;
Ofício 007.724/2025;SECRETARIA-EXECUTIVA DO MINISTÉRIO DO TRABALHO E EMPREGO;FRANCISCO MACENA DA SILVA;SEPROC;019.827/2024-5;18/03/2025;
Ofício 008.097/2025;ASSESSORIA ESPECIAL DE CONTROLE INTERNO DO MINISTÉRIO DO TRABALHO E EMPREGO;CHEFE DA ASSESSORIA ESPECIAL DE CONTROLE INTERNO DO MINISTÉRIO DO TRABALHO E EMPREGO;SEPROC;003.879/2021-6;17/03/2025;
Ofício 006.597/2025;SECRETARIA-EXECUTIVA DO MINISTÉRIO DO TRABALHO E EMPREGO;FRANCISCO MACENA DA SILVA;SEPROC;025.671/2024-3;17/03/2025;19/05/2025
Ofício 007.593/2025;ASSESSORIA ESPECIAL DE CONTROLE INTERNO DO MINISTÉRIO DO TRABALHO E EMPREGO;CHEFE DA ASSESSORIA ESPECIAL DE CONTROLE INTERNO DO MINISTÉRIO DO TRABALHO E EMPREGO;SEPROC;025.393/2024-3;14/03/2025;
Ofício 006.975/2025;SECRETARIA-EXECUTIVA DO MINISTÉRIO DO TRABALHO E EMPREGO;FRANCISCO MACENA DA SILVA;SEPROC;004.729/2023-4;13/03/2025;
Ofício 006.879/2025;SECRETARIA-EXECUTIVA DO MINISTÉRIO DO TRABALHO E EMPREGO;FRANCISCO MACENA DA SILVA;SEPROC;039.857/2023-9;12/03/2025;
Ofício 006.479/2025;SECRETARIA-EXECUTIVA DO MINISTÉRIO DO TRABALHO E EMPREGO;FRANCISCO MACENA DA SILVA;SEPROC;023.020/2024-5;11/03/2025;
Ofício 000.043/2025;MINISTÉRIO DO TRABALHO E EMPREGO;SECRETÁRIO-EXECUTIVO DO MINISTÉRIO DO TRABALHO E EMPREGO;AUDTI;003.936/2025-2;07/03/2025;10/03/2025
Ofício 005.572/2025;SECRETARIA-EXECUTIVA DO MINISTÉRIO DO TRABALHO E EMPREGO;FRANCISCO MACENA DA SILVA;SEPROC;008.259/2023-2;28/02/2025;
Ofício 005.651/2025;SECRETARIA-EXECUTIVA DO MINISTÉRIO DO TRABALHO E EMPREGO;FRANCISCO MACENA DA SILVA;SEPROC;019.829/2024-8;28/02/2025;
Ofício 005.213/2025;SECRETARIA-EXECUTIVA DO MINISTÉRIO DO TRABALHO E EMPREGO;FRANCISCO MACENA DA SILVA;SEPROC;016.116/2022-4;27/02/2025;
Ofício 005.818/2025;SECRETARIA-EXECUTIVA DO MINISTÉRIO DO TRABALHO E EMPREGO;FRANCISCO MACENA DA SILVA;SEPROC;012.649/2021-0;27/02/2025;
Ofício 005.674/2025;SECRETARIA-EXECUTIVA DO MINISTÉRIO DO TRABALHO E EMPREGO;FRANCISCO MACENA DA SILVA;SEPROC;013.964/2018-6;26/02/2025;
Ofício 004.029/2025;SECRETARIA-EXECUTIVA DO MINISTÉRIO DO TRABALHO E EMPREGO;FRANCISCO MACENA DA SILVA;SEPROC;021.294/2022-4;25/02/2025;
Ofício 004.833/2025;SECRETARIA-EXECUTIVA DO MINISTÉRIO DO TRABALHO E EMPREGO;FRANCISCO MACENA DA SILVA;SEPROC;002.492/2020-2;20/02/2025;28/02/2025
Ofício 004.499/2025;SECRETARIA-EXECUTIVA DO MINISTÉRIO DO TRABALHO E EMPREGO;FRANCISCO MACENA DA SILVA;SEPROC;019.828/2024-1;20/02/2025;
Ofício 004.067/2025;SECRETARIA-EXECUTIVA DO MINISTÉRIO DO TRABALHO E EMPREGO;FRANCISCO MACENA DA SILVA;SEPROC;013.130/2022-6;18/02/2025;
Ofício 003.028/2025;SECRETARIA-EXECUTIVA DO MINISTÉRIO DO TRABALHO E EMPREGO;FRANCISCO MACENA DA SILVA;SEPROC;035.071/2023-0;18/02/2025;
Ofício 004.043/2025;SECRETARIA-EXECUTIVA DO MINISTÉRIO DO TRABALHO E EMPREGO;FRANCISCO MACENA DA SILVA;SEPROC;000.890/2025-1;17/02/2025;
Ofício 002.964/2025;SECRETARIA-EXECUTIVA DO MINISTÉRIO DO TRABALHO E EMPREGO;FRANCISCO MACENA DA SILVA;SEPROC;015.063/2024-0;14/02/2025;
Ofício 002.539/2025;SUPERINTENDÊNCIA REGIONAL DO TRABALHO NO ESTADO DO RIO DE JANEIRO;SUPERINTENDENTE DA SUPERINTENDÊNCIA REGIONAL DO TRABALHO E EMPREGO NO ESTADO DO RIO DE JANEIRO;SEPROC;013.574/2008-4;10/02/2025;
Ofício 001.988/2025;Identidade preservada;FRANCISCO MACENA DA SILVA;SEPROC;037.375/2023-7;06/02/2025;21/02/2025
Ofício 001.370/2025;SECRETARIA-EXECUTIVA DO MINISTÉRIO DO TRABALHO E EMPREGO;FRANCISCO MACENA DA SILVA;SEPROC;018.452/2024-8;05/02/2025;
Ofício 001.797/2025;SECRETARIA-EXECUTIVA DO MINISTÉRIO DO TRABALHO E EMPREGO;FRANCISCO MACENA DA SILVA;SEPROC;038.305/2021-6;04/02/2025;
Ofício 001.800/2025;SECRETARIA-EXECUTIVA DO MINISTÉRIO DO TRABALHO E EMPREGO;FRANCISCO MACENA DA SILVA;SEPROC;038.305/2021-6;04/02/2025;
Ofício 001.195/2025;SECRETARIA-EXECUTIVA DO MINISTÉRIO DO TRABALHO E EMPREGO;FRANCISCO MACENA DA SILVA;SEPROC;040.711/2018-8;30/01/2025;
Ofício 000.705/2025;SECRETARIA-EXECUTIVA DO MINISTÉRIO DO TRABALHO E EMPREGO;FRANCISCO MACENA DA SILVA;SEPROC;002.439/2024-7;24/01/2025;07/07/2026
Ofício 000.796/2025;SUPERINTENDÊNCIA REGIONAL DO TRABALHO NO ESTADO DO RIO DE JANEIRO;SUPERINTENDENTE DA SUPERINTENDÊNCIA REGIONAL DO TRABALHO E EMPREGO NO ESTADO DO RIO DE JANEIRO;SEPROC;012.127/2017-5;23/01/2025;24/01/2025
Ofício 000.481/2025;FUNDO DE AMPARO AO TRABALHADOR;PRESIDENTE DO CONSELHO DELIBERATIVO DO FUNDO DE AMPARO AO TRABALHADOR;SEPROC;028.516/2024-9;20/01/2025;03/02/2025
Ofício 000.381/2025;SECRETARIA-EXECUTIVA DO MINISTÉRIO DO TRABALHO E EMPREGO;FRANCISCO MACENA DA SILVA;SEPROC;014.483/2015-7;15/01/2025;
Ofício 056.314/2024;SECRETARIA-EXECUTIVA DO MINISTÉRIO DO TRABALHO E EMPREGO;FRANCISCO MACENA DA SILVA;SEPROC;018.032/2024-9;27/12/2024;
Ofício 056.242/2024;SECRETARIA-EXECUTIVA DO MINISTÉRIO DO TRABALHO E EMPREGO;FRANCISCO MACENA DA SILVA;SEPROC;031.437/2022-2;20/12/2024;
Ofício 057.426/2024;SECRETARIA-EXECUTIVA DO MINISTÉRIO DO TRABALHO E EMPREGO;FRANCISCO MACENA DA SILVA;SEPROC;002.260/2024-7;20/12/2024;
Ofício 057.488/2024;SECRETARIA-EXECUTIVA DO MINISTÉRIO DO TRABALHO E EMPREGO;FRANCISCO MACENA DA SILVA;SEPROC;011.333/2022-7;19/12/2024;29/01/2025
Ofício 057.208/2024;SECRETARIA-EXECUTIVA DO MINISTÉRIO DO TRABALHO E EMPREGO;FRANCISCO MACENA DA SILVA;SEPROC;002.483/2023-8;19/12/2024;
Ofício 057.489/2024;FUNDO DE AMPARO AO TRABALHADOR;PRESIDENTE DO CONSELHO DELIBERATIVO DO FUNDO DE AMPARO AO TRABALHADOR;SEPROC;011.333/2022-7;18/12/2024;29/01/2025
Ofício 057.231/2024;SECRETARIA-EXECUTIVA DO MINISTÉRIO DO TRABALHO E EMPREGO;FRANCISCO MACENA DA SILVA;SEPROC;008.443/2024-6;17/12/2024;30/01/2025
Ofício 057.168/2024;SECRETARIA-EXECUTIVA DO MINISTÉRIO DO TRABALHO E EMPREGO;FRANCISCO MACENA DA SILVA;SEPROC;002.442/2024-8;16/12/2024;31/01/2025
Ofício 056.482/2024;SECRETARIA-EXECUTIVA DO MINISTÉRIO DO TRABALHO E EMPREGO;FRANCISCO MACENA DA SILVA;SEPROC;021.294/2022-4;16/12/2024;
Ofício 057.010/2024;SECRETARIA-EXECUTIVA DO MINISTÉRIO DO TRABALHO E EMPREGO;FRANCISCO MACENA DA SILVA;SEPROC;020.743/2023-8;16/12/2024;
Ofício 056.940/2024;SUPERINTENDÊNCIA REGIONAL DO TRABALHO NO ESTADO DE RONDÔNIA;SUPERINTENDENTE REGIONAL;SEPROC;045.307/2021-0;16/12/2024;29/01/2025
Ofício 055.782/2024;SECRETARIA-EXECUTIVA DO MINISTÉRIO DO TRABALHO E EMPREGO;FRANCISCO MACENA DA SILVA;SEPROC;000.528/2024-2;12/12/2024;
Ofício 056.052/2024;SECRETARIA-EXECUTIVA DO MINISTÉRIO DO TRABALHO E EMPREGO;FRANCISCO MACENA DA SILVA;SEPROC;006.475/2024-8;11/12/2024;
Ofício 056.186/2024;SECRETARIA-EXECUTIVA DO MINISTÉRIO DO TRABALHO E EMPREGO;FRANCISCO MACENA DA SILVA;SEPROC;035.211/2023-7;11/12/2024;
Ofício 056.037/2024;SECRETARIA-EXECUTIVA DO MINISTÉRIO DO TRABALHO E EMPREGO;FRANCISCO MACENA DA SILVA;SEPROC;015.070/2021-2;09/12/2024;
Ofício 055.304/2024;SECRETARIA-EXECUTIVA DO MINISTÉRIO DO TRABALHO E EMPREGO;FRANCISCO MACENA DA SILVA;SEPROC;013.130/2022-6;09/12/2024;
Ofício 054.531/2024;SECRETARIA-EXECUTIVA DO MINISTÉRIO DO TRABALHO E EMPREGO;FRANCISCO MACENA DA SILVA;SEPROC;017.395/2024-0;06/12/2024;
Ofício 054.998/2024;SECRETARIA-EXECUTIVA DO MINISTÉRIO DO TRABALHO E EMPREGO;FRANCISCO MACENA DA SILVA;SEPROC;016.235/2024-0;06/12/2024;
Ofício 055.286/2024;ASSESSORIA ESPECIAL DE CONTROLE INTERNO DO MINISTÉRIO DO TRABALHO E EMPREGO;CHEFE DA ASSESSORIA ESPECIAL DE CONTROLE INTERNO DO MINISTÉRIO DO TRABALHO E EMPREGO;SEPROC;003.879/2021-6;06/12/2024;
Ofício 054.726/2024;SECRETARIA-EXECUTIVA DO MINISTÉRIO DO TRABALHO E EMPREGO;FRANCISCO MACENA DA SILVA;SEPROC;004.749/2023-5;06/12/2024;
Ofício 054.827/2024;SECRETARIA-EXECUTIVA DO MINISTÉRIO DO TRABALHO E EMPREGO;FRANCISCO MACENA DA SILVA;SEPROC;018.446/2024-8;06/12/2024;
Ofício 055.540/2024;SECRETARIA-EXECUTIVA DO MINISTÉRIO DO TRABALHO E EMPREGO;FRANCISCO MACENA DA SILVA;SEPROC;024.249/2016-5;05/12/2024;
Ofício 054.188/2024;SECRETARIA-EXECUTIVA DO MINISTÉRIO DO TRABALHO E EMPREGO;FRANCISCO MACENA DA SILVA;SEPROC;021.744/2023-8;04/12/2024;
Ofício 053.152/2024;ASSESSORIA ESPECIAL DE CONTROLE INTERNO DO MINISTÉRIO DO TRABALHO E EMPREGO;CHEFE DA ASSESSORIA ESPECIAL DE CONTROLE INTERNO DO MINISTÉRIO DO TRABALHO E EMPREGO;SEPROC;010.390/2024-3;03/12/2024;
Ofício 053.795/2024;FUNDO DE AMPARO AO TRABALHADOR;PRESIDENTE DO CONSELHO DELIBERATIVO DO FUNDO DE AMPARO AO TRABALHADOR;SEPROC;021.744/2023-8;03/12/2024;
Ofício 054.601/2024;SECRETARIA-EXECUTIVA DO MINISTÉRIO DO TRABALHO E EMPREGO;FRANCISCO MACENA DA SILVA;SEPROC;017.397/2024-3;02/12/2024;
Ofício 054.368/2024;SECRETARIA-EXECUTIVA DO MINISTÉRIO DO TRABALHO E EMPREGO;FRANCISCO MACENA DA SILVA;SEPROC;018.437/2024-9;02/12/2024;
Ofício 053.238/2024;SECRETARIA-EXECUTIVA DO MINISTÉRIO DO TRABALHO E EMPREGO;FRANCISCO MACENA DA SILVA;SEPROC;026.962/2022-5;27/11/2024;
Ofício 052.518/2024;SECRETARIA-EXECUTIVA DO MINISTÉRIO DO TRABALHO E EMPREGO;FRANCISCO MACENA DA SILVA;SEPROC;017.071/2020-8;27/11/2024;
Ofício 054.160/2024;FUNDO DE GARANTIA POR TEMPO DE SERVIÇO;SECRETÁRIO-EXECUTIVO DO CONSELHO CURADOR DO FGTS;SEPROC;001.337/2016-5;26/11/2024;
Ofício 053.319/2024;SECRETARIA-EXECUTIVA DO MINISTÉRIO DO TRABALHO E EMPREGO;FRANCISCO MACENA DA SILVA;SEPROC;017.065/2020-8;22/11/2024;
Ofício 051.784/2024;SECRETARIA-EXECUTIVA DO MINISTÉRIO DO TRABALHO E EMPREGO;FRANCISCO MACENA DA SILVA;SEPROC;005.807/2024-7;21/11/2024;04/12/2024
Ofício 052.211/2024;SECRETARIA-EXECUTIVA DO MINISTÉRIO DO TRABALHO E EMPREGO;FRANCISCO MACENA DA SILVA;SEPROC;007.748/2024-8;19/11/2024;
Ofício 052.156/2024;SECRETARIA-EXECUTIVA DO MINISTÉRIO DO TRABALHO E EMPREGO;FRANCISCO MACENA DA SILVA;SEPROC;033.165/2014-9;19/11/2024;
Ofício 052.021/2024;SECRETARIA-EXECUTIVA DO MINISTÉRIO DO TRABALHO E EMPREGO;FRANCISCO MACENA DA SILVA;SEPROC;007.867/2024-7;19/11/2024;
Ofício 052.011/2024;SECRETARIA-EXECUTIVA DO MINISTÉRIO DO TRABALHO E EMPREGO;FRANCISCO MACENA DA SILVA;SEPROC;018.431/2024-0;19/11/2024;
Ofício 051.359/2024;SECRETARIA-EXECUTIVA DO MINISTÉRIO DO TRABALHO E EMPREGO;FRANCISCO MACENA DA SILVA;SEPROC;007.869/2024-0;19/11/2024;
Ofício 052.614/2024;SECRETARIA-EXECUTIVA DO MINISTÉRIO DO TRABALHO E EMPREGO;FRANCISCO MACENA DA SILVA;SEPROC;017.773/2024-5;18/11/2024;05/12/2024
Ofício 052.113/2024;SECRETARIA-EXECUTIVA DO MINISTÉRIO DO TRABALHO E EMPREGO;FRANCISCO MACENA DA SILVA;SEPROC;031.669/2022-0;14/11/2024;
Ofício 051.791/2024;SECRETARIA-EXECUTIVA DO MINISTÉRIO DO TRABALHO E EMPREGO;FRANCISCO MACENA DA SILVA;SEPROC;022.030/2023-9;14/11/2024;
Ofício 052.025/2024;SECRETARIA-EXECUTIVA DO MINISTÉRIO DO TRABALHO E EMPREGO;FRANCISCO MACENA DA SILVA;SEPROC;015.334/2024-4;14/11/2024;
Ofício 052.203/2024;ASSESSORIA ESPECIAL DE CONTROLE INTERNO DO MINISTÉRIO DO TRABALHO E EMPREGO;CHEFE DA ASSESSORIA ESPECIAL DE CONTROLE INTERNO DO MINISTÉRIO DO TRABALHO E EMPREGO;SEPROC;029.067/2010-3;14/11/2024;
Ofício 051.019/2024;SECRETARIA-EXECUTIVA DO MINISTÉRIO DO TRABALHO E EMPREGO;FRANCISCO MACENA DA SILVA;SEPROC;011.006/2024-2;12/11/2024;
Ofício 049.255/2024;SECRETARIA-EXECUTIVA DO MINISTÉRIO DO TRABALHO E EMPREGO;FRANCISCO MACENA DA SILVA;SEPROC;014.977/2021-4;05/11/2024;
Ofício 049.975/2024;SECRETARIA-EXECUTIVA DO MINISTÉRIO DO TRABALHO E EMPREGO;FRANCISCO MACENA DA SILVA;SEPROC;029.154/2019-7;04/11/2024;
Ofício 049.533/2024;SECRETARIA-EXECUTIVA DO MINISTÉRIO DO TRABALHO E EMPREGO;FRANCISCO MACENA DA SILVA;SEPROC;037.530/2023-2;04/11/2024;
Ofício 049.386/2024;SECRETARIA-EXECUTIVA DO MINISTÉRIO DO TRABALHO E EMPREGO;FRANCISCO MACENA DA SILVA;SEPROC;007.411/2024-3;04/11/2024;
Ofício 049.797/2024;SECRETARIA-EXECUTIVA DO MINISTÉRIO DO TRABALHO E EMPREGO;FRANCISCO MACENA DA SILVA;SEPROC;015.078/2024-8;04/11/2024;
Ofício 049.656/2024;SECRETARIA-EXECUTIVA DO MINISTÉRIO DO TRABALHO E EMPREGO;FRANCISCO MACENA DA SILVA;SEPROC;000.050/2020-2;01/11/2024;
Ofício 048.804/2024;SECRETARIA-EXECUTIVA DO MINISTÉRIO DO TRABALHO E EMPREGO;FRANCISCO MACENA DA SILVA;SEPROC;004.749/2023-5;30/10/2024;
Ofício 048.858/2024;SECRETARIA-EXECUTIVA DO MINISTÉRIO DO TRABALHO E EMPREGO;FRANCISCO MACENA DA SILVA;SEPROC;015.061/2024-8;29/10/2024;
Ofício 047.425/2024;SECRETARIA-EXECUTIVA DO MINISTÉRIO DO TRABALHO E EMPREGO;FRANCISCO MACENA DA SILVA;SEPROC;025.171/2013-5;25/10/2024;
Ofício 047.715/2024;SECRETARIA-EXECUTIVA DO MINISTÉRIO DO TRABALHO E EMPREGO;FRANCISCO MACENA DA SILVA;SEPROC;040.485/2023-4;24/10/2024;
Ofício 047.808/2024;SECRETARIA-EXECUTIVA DO MINISTÉRIO DO TRABALHO E EMPREGO;FRANCISCO MACENA DA SILVA;SEPROC;002.534/2024-0;24/10/2024;
Ofício 047.181/2024;SECRETARIA-EXECUTIVA DO MINISTÉRIO DO TRABALHO E EMPREGO;FRANCISCO MACENA DA SILVA;SEPROC;008.699/2024-0;23/10/2024;
Ofício 047.176/2024;SECRETARIA-EXECUTIVA DO MINISTÉRIO DO TRABALHO E EMPREGO;FRANCISCO MACENA DA SILVA;SEPROC;015.057/2024-0;21/10/2024;
Ofício 047.315/2024;SECRETARIA-EXECUTIVA DO MINISTÉRIO DO TRABALHO E EMPREGO;FRANCISCO MACENA DA SILVA;SEPROC;035.212/2023-3;17/10/2024;
Ofício 047.322/2024;SECRETARIA-EXECUTIVA DO MINISTÉRIO DO TRABALHO E EMPREGO;FRANCISCO MACENA DA SILVA;SEPROC;007.868/2024-3;17/10/2024;
Ofício 047.319/2024;SECRETARIA-EXECUTIVA DO MINISTÉRIO DO TRABALHO E EMPREGO;FRANCISCO MACENA DA SILVA;SEPROC;007.744/2024-2;17/10/2024;
Ofício 046.325/2024;SECRETARIA-EXECUTIVA DO MINISTÉRIO DO TRABALHO E EMPREGO;FRANCISCO MACENA DA SILVA;SEPROC;008.711/2024-0;17/10/2024;
Ofício 047.167/2024;FUNDO DE GARANTIA POR TEMPO DE SERVIÇO;PRESIDENTE DO CONSELHO CURADOR DO FGTS;SEPROC;033.078/2023-8;16/10/2024;28/11/2024
Ofício 045.404/2024;SECRETARIA-EXECUTIVA DO MINISTÉRIO DO TRABALHO E EMPREGO;FRANCISCO MACENA DA SILVA;SEPROC;008.161/2024-0;16/10/2024;
Ofício 046.673/2024;SECRETARIA-EXECUTIVA DO MINISTÉRIO DO TRABALHO E EMPREGO;FRANCISCO MACENA DA SILVA;SEPROC;040.711/2018-8;16/10/2024;
Ofício 046.221/2024;SECRETARIA-EXECUTIVA DO MINISTÉRIO DO TRABALHO E EMPREGO;FRANCISCO MACENA DA SILVA;SEPROC;008.708/2024-0;11/10/2024;
Ofício 046.022/2024;SECRETARIA-EXECUTIVA DO MINISTÉRIO DO TRABALHO E EMPREGO;FRANCISCO MACENA DA SILVA;SEPROC;002.417/2024-3;10/10/2024;
Ofício 045.970/2024;SECRETARIA-EXECUTIVA DO MINISTÉRIO DO TRABALHO E EMPREGO;FRANCISCO MACENA DA SILVA;SEPROC;041.106/2018-0;10/10/2024;
Ofício 046.106/2024;SECRETARIA-EXECUTIVA DO MINISTÉRIO DO TRABALHO E EMPREGO;FRANCISCO MACENA DA SILVA;SEPROC;008.701/2024-5;10/10/2024;
Ofício 045.457/2024;SECRETARIA-EXECUTIVA DO MINISTÉRIO DO TRABALHO E EMPREGO;FRANCISCO MACENA DA SILVA;SEPROC;008.709/2024-6;10/10/2024;
Ofício 045.043/2024;SECRETARIA-EXECUTIVA DO MINISTÉRIO DO TRABALHO E EMPREGO;FRANCISCO MACENA DA SILVA;SEPROC;013.970/2022-4;08/10/2024;
Ofício 045.275/2024;SECRETARIA-EXECUTIVA DO MINISTÉRIO DO TRABALHO E EMPREGO;FRANCISCO MACENA DA SILVA;SEPROC;019.767/2023-4;08/10/2024;
Ofício 045.272/2024;ASSESSORIA ESPECIAL DE CONTROLE INTERNO DO MINISTÉRIO DO TRABALHO E EMPREGO;CHEFE DA ASSESSORIA ESPECIAL DE CONTROLE INTERNO DO MINISTÉRIO DO TRABALHO E EMPREGO;SEPROC;035.735/2020-1;08/10/2024;
Ofício 044.722/2024;SECRETARIA-EXECUTIVA DO MINISTÉRIO DO TRABALHO E EMPREGO;FRANCISCO MACENA DA SILVA;SEPROC;041.035/2021-6;07/10/2024;
Ofício 000.094/2024;MINISTÉRIO DO TRABALHO E EMPREGO;CI;AUDSUSTENTABILIDADE;014.356/2024-4;07/10/2024;18/10/2024
Ofício 045.149/2024;SECRETARIA-EXECUTIVA DO MINISTÉRIO DO TRABALHO E EMPREGO;FRANCISCO MACENA DA SILVA;SEPROC;005.374/2018-9;07/10/2024;
Ofício 045.057/2024;SECRETARIA-EXECUTIVA DO MINISTÉRIO DO TRABALHO E EMPREGO;FRANCISCO MACENA DA SILVA;SEPROC;008.705/2024-0;07/10/2024;
Ofício 045.068/2024;SECRETARIA-EXECUTIVA DO MINISTÉRIO DO TRABALHO E EMPREGO;FRANCISCO MACENA DA SILVA;SEPROC;008.707/2024-3;07/10/2024;
Ofício 044.814/2024;SECRETARIA-EXECUTIVA DO MINISTÉRIO DO TRABALHO E EMPREGO;FRANCISCO MACENA DA SILVA;SEPROC;035.211/2023-7;04/10/2024;
Ofício 044.885/2024;SECRETARIA-EXECUTIVA DO MINISTÉRIO DO TRABALHO E EMPREGO;FRANCISCO MACENA DA SILVA;SEPROC;008.153/2024-8;04/10/2024;
Ofício 044.344/2024;ASSESSORIA ESPECIAL DE CONTROLE INTERNO DO MINISTÉRIO DO TRABALHO E EMPREGO;CHEFE DA ASSESSORIA ESPECIAL DE CONTROLE INTERNO DO MINISTÉRIO DO TRABALHO E EMPREGO;SEPROC;045.309/2021-3;03/10/2024;15/04/2025
Ofício 044.343/2024;ASSESSORIA ESPECIAL DE CONTROLE INTERNO DO MINISTÉRIO DO TRABALHO E EMPREGO;COORDENADOR(A)-GERAL DE RISCOS, CONTROLE E INTEGRIDADE DO MINISTÉRIO DO TRABALHO E EMPREGO;SEPROC;045.309/2021-3;03/10/2024;18/10/2024
Ofício 044.646/2024;SECRETARIA-EXECUTIVA DO MINISTÉRIO DO TRABALHO E EMPREGO;FRANCISCO MACENA DA SILVA;SEPROC;018.032/2024-9;02/10/2024;18/10/2024
Ofício 043.789/2024;SECRETARIA-EXECUTIVA DO MINISTÉRIO DO TRABALHO E EMPREGO;FRANCISCO MACENA DA SILVA;SEPROC;004.742/2023-0;27/09/2024;
Ofício 043.654/2024;SECRETARIA-EXECUTIVA DO MINISTÉRIO DO TRABALHO E EMPREGO;FRANCISCO MACENA DA SILVA;SEPROC;007.870/2024-8;27/09/2024;
Ofício 043.520/2024;SECRETARIA-EXECUTIVA DO MINISTÉRIO DO TRABALHO E EMPREGO;FRANCISCO MACENA DA SILVA;SEPROC;021.962/2023-5;27/09/2024;
Ofício 043.690/2024;SECRETARIA-EXECUTIVA DO MINISTÉRIO DO TRABALHO E EMPREGO;FRANCISCO MACENA DA SILVA;SEPROC;040.483/2023-1;25/09/2024;
Ofício 042.895/2024;SECRETARIA-EXECUTIVA DO MINISTÉRIO DO TRABALHO E EMPREGO;FRANCISCO MACENA DA SILVA;SEPROC;008.974/2024-1;23/09/2024;
Ofício 042.428/2024;SECRETARIA-EXECUTIVA DO MINISTÉRIO DO TRABALHO E EMPREGO;FRANCISCO MACENA DA SILVA;SEPROC;022.240/2023-3;23/09/2024;27/09/2024
Ofício 042.764/2024;SECRETARIA-EXECUTIVA DO MINISTÉRIO DO TRABALHO E EMPREGO;FRANCISCO MACENA DA SILVA;SEPROC;006.477/2024-0;23/09/2024;
Ofício 042.749/2024;SECRETARIA-EXECUTIVA DO MINISTÉRIO DO TRABALHO E EMPREGO;FRANCISCO MACENA DA SILVA;SEPROC;015.079/2024-4;23/09/2024;
Ofício 042.718/2024;SECRETARIA-EXECUTIVA DO MINISTÉRIO DO TRABALHO E EMPREGO;FRANCISCO MACENA DA SILVA;SEPROC;015.059/2024-3;23/09/2024;
Ofício 042.345/2024;SECRETARIA-EXECUTIVA DO MINISTÉRIO DO TRABALHO E EMPREGO;FRANCISCO MACENA DA SILVA;SEPROC;015.058/2024-7;20/09/2024;
Ofício 042.151/2024;SECRETARIA-EXECUTIVA DO MINISTÉRIO DO TRABALHO E EMPREGO;FRANCISCO MACENA DA SILVA;SEPROC;037.323/2023-7;20/09/2024;
Ofício 042.994/2024;SECRETARIA-EXECUTIVA DO MINISTÉRIO DO TRABALHO E EMPREGO;FRANCISCO MACENA DA SILVA;SEPROC;005.605/2024-5;20/09/2024;
Ofício 041.974/2024;SECRETARIA-EXECUTIVA DO MINISTÉRIO DO TRABALHO E EMPREGO;FRANCISCO MACENA DA SILVA;SEPROC;022.028/2023-4;17/09/2024;
Ofício 041.953/2024;SECRETARIA-EXECUTIVA DO MINISTÉRIO DO TRABALHO E EMPREGO;FRANCISCO MACENA DA SILVA;SEPROC;007.745/2024-9;17/09/2024;
Ofício 041.951/2024;SECRETARIA-EXECUTIVA DO MINISTÉRIO DO TRABALHO E EMPREGO;FRANCISCO MACENA DA SILVA;SEPROC;007.747/2024-1;17/09/2024;
Ofício 039.618/2024;MINISTÉRIO DO TRABALHO E EMPREGO;SECRETÁRIO-EXECUTIVO DO MINISTÉRIO DO TRABALHO E EMPREGO;SEPROC;019.653/2023-9;17/09/2024;
Ofício 041.303/2024;SECRETARIA-EXECUTIVA DO MINISTÉRIO DO TRABALHO E EMPREGO;FRANCISCO MACENA DA SILVA;SEPROC;019.650/2023-0;13/09/2024;
Ofício 041.020/2024;ASSESSORIA ESPECIAL DE CONTROLE INTERNO DO MINISTÉRIO DO TRABALHO E EMPREGO;CHEFE DA ASSESSORIA ESPECIAL DE CONTROLE INTERNO DO MINISTÉRIO DO TRABALHO E EMPREGO;SEPROC;035.735/2020-1;13/09/2024;
Ofício 041.251/2024;SECRETARIA-EXECUTIVA DO MINISTÉRIO DO TRABALHO E EMPREGO;FRANCISCO MACENA DA SILVA;SEPROC;010.245/2012-0;13/09/2024;
Ofício 041.174/2024;SECRETARIA-EXECUTIVA DO MINISTÉRIO DO TRABALHO E EMPREGO;FRANCISCO MACENA DA SILVA;SEPROC;026.962/2022-5;12/09/2024;
Ofício 041.170/2024;SECRETARIA-EXECUTIVA DO MINISTÉRIO DO TRABALHO E EMPREGO;FRANCISCO MACENA DA SILVA;SEPROC;019.968/2022-1;12/09/2024;
Ofício 040.529/2024;SECRETARIA-EXECUTIVA DO MINISTÉRIO DO TRABALHO E EMPREGO;FRANCISCO MACENA DA SILVA;SEPROC;008.151/2024-5;11/09/2024;
Ofício 040.527/2024;SECRETARIA-EXECUTIVA DO MINISTÉRIO DO TRABALHO E EMPREGO;FRANCISCO MACENA DA SILVA;SEPROC;008.156/2024-7;11/09/2024;
Ofício 040.463/2024;SECRETARIA-EXECUTIVA DO MINISTÉRIO DO TRABALHO E EMPREGO;FRANCISCO MACENA DA SILVA;SEPROC;012.712/2022-1;10/09/2024;
Ofício 040.320/2024;SECRETARIA-EXECUTIVA DO MINISTÉRIO DO TRABALHO E EMPREGO;FRANCISCO MACENA DA SILVA;SEPROC;035.209/2023-2;10/09/2024;
Ofício 040.168/2024;SECRETARIA-EXECUTIVA DO MINISTÉRIO DO TRABALHO E EMPREGO;FRANCISCO MACENA DA SILVA;SEPROC;015.060/2024-1;09/09/2024;13/09/2024
Ofício 040.161/2024;SECRETARIA-EXECUTIVA DO MINISTÉRIO DO TRABALHO E EMPREGO;FRANCISCO MACENA DA SILVA;SEPROC;014.530/2023-6;09/09/2024;
Ofício 040.357/2024;ASSESSORIA ESPECIAL DE CONTROLE INTERNO DO MINISTÉRIO DO TRABALHO E EMPREGO;CHEFE DA ASSESSORIA ESPECIAL DE CONTROLE INTERNO DO MINISTÉRIO DO TRABALHO E EMPREGO;SEPROC;007.990/2022-7;09/09/2024;
Ofício 039.545/2024;SECRETARIA-EXECUTIVA DO MINISTÉRIO DO TRABALHO E EMPREGO;FRANCISCO MACENA DA SILVA;SEPROC;008.380/2024-4;09/09/2024;
Ofício 040.129/2024;SECRETARIA-EXECUTIVA DO MINISTÉRIO DO TRABALHO E EMPREGO;FRANCISCO MACENA DA SILVA;SEPROC;013.970/2022-4;09/09/2024;
Ofício 040.099/2024;SECRETARIA-EXECUTIVA DO MINISTÉRIO DO TRABALHO E EMPREGO;FRANCISCO MACENA DA SILVA;SEPROC;006.473/2024-5;09/09/2024;
Ofício 039.806/2024;SECRETARIA-EXECUTIVA DO MINISTÉRIO DO TRABALHO E EMPREGO;FRANCISCO MACENA DA SILVA;SEPROC;002.418/2024-0;09/09/2024;
Ofício 040.108/2024;SECRETARIA-EXECUTIVA DO MINISTÉRIO DO TRABALHO E EMPREGO;FRANCISCO MACENA DA SILVA;SEPROC;008.162/2024-7;09/09/2024;
Ofício 039.865/2024;SECRETARIA-EXECUTIVA DO MINISTÉRIO DO TRABALHO E EMPREGO;FRANCISCO MACENA DA SILVA;SEPROC;037.335/2023-5;06/09/2024;
Ofício 039.574/2024;ASSESSORIA ESPECIAL DE CONTROLE INTERNO DO MINISTÉRIO DO TRABALHO E EMPREGO;CHEFE DA ASSESSORIA ESPECIAL DE CONTROLE INTERNO DO MINISTÉRIO DO TRABALHO E EMPREGO;SEPROC;026.231/2021-2;04/09/2024;
Ofício 038.981/2024;SECRETARIA-EXECUTIVA DO MINISTÉRIO DO TRABALHO E EMPREGO;FRANCISCO MACENA DA SILVA;SEPROC;000.527/2024-6;30/08/2024;
Ofício 038.425/2024;ASSESSORIA ESPECIAL DE CONTROLE INTERNO DO MINISTÉRIO DO TRABALHO E EMPREGO;CHEFE DA ASSESSORIA ESPECIAL DE CONTROLE INTERNO DO MINISTÉRIO DO TRABALHO E EMPREGO;SEPROC;011.388/2002-0;27/08/2024;14/10/2024
Ofício 036.915/2024;SECRETARIA-EXECUTIVA DO MINISTÉRIO DO TRABALHO E EMPREGO;FRANCISCO MACENA DA SILVA;SEPROC;008.379/2024-6;22/08/2024;
Ofício 037.783/2024;SUPERINTENDÊNCIA REGIONAL DO TRABALHO NO ESTADO DO RIO DE JANEIRO;SUPERINTENDENTE DA SUPERINTENDÊNCIA REGIONAL DO TRABALHO E EMPREGO NO ESTADO DO RIO DE JANEIRO;SEPROC;012.127/2017-5;22/08/2024;26/08/2024
Ofício 037.227/2024;SECRETARIA-EXECUTIVA DO MINISTÉRIO DO TRABALHO E EMPREGO;FRANCISCO MACENA DA SILVA;SEPROC;000.261/2024-6;22/08/2024;
Ofício 037.455/2024;SECRETARIA-EXECUTIVA DO MINISTÉRIO DO TRABALHO E EMPREGO;FRANCISCO MACENA DA SILVA;SEPROC;000.260/2024-0;22/08/2024;
Ofício 037.026/2024;SECRETARIA-EXECUTIVA DO MINISTÉRIO DO TRABALHO E EMPREGO;FRANCISCO MACENA DA SILVA;SEPROC;000.499/2024-2;21/08/2024;
Ofício 000.158/2024;SECRETARIA-EXECUTIVA DO MINISTÉRIO DO TRABALHO E EMPREGO;FRANCISCO MACENA DA SILVA;AUDGESTÃOINOVAÇÃO;008.687/2024-2;21/08/2024;02/09/2024
Ofício 036.475/2024;ASSESSORIA ESPECIAL DE CONTROLE INTERNO DO MINISTÉRIO DO TRABALHO E EMPREGO;CHEFE DA ASSESSORIA ESPECIAL DE CONTROLE INTERNO DO MINISTÉRIO DO TRABALHO E EMPREGO;SEPROC;028.377/2020-6;21/08/2024;
Ofício 035.735/2024;SECRETARIA-EXECUTIVA DO MINISTÉRIO DO TRABALHO E EMPREGO;FRANCISCO MACENA DA SILVA;SEPROC;000.257/2024-9;20/08/2024;
Ofício 000.151/2024;SECRETARIA-EXECUTIVA DO MINISTÉRIO DO TRABALHO E EMPREGO;FRANCISCO MACENA DA SILVA;AUDGESTÃOINOVAÇÃO;008.687/2024-2;19/08/2024;
Ofício 035.331/2024;SECRETARIA-EXECUTIVA DO MINISTÉRIO DO TRABALHO E EMPREGO;FRANCISCO MACENA DA SILVA;SEPROC;005.606/2024-1;16/08/2024;
Ofício 036.135/2024;SECRETARIA-EXECUTIVA DO MINISTÉRIO DO TRABALHO E EMPREGO;FRANCISCO MACENA DA SILVA;SEPROC;005.603/2024-2;16/08/2024;
Ofício 036.133/2024;SECRETARIA-EXECUTIVA DO MINISTÉRIO DO TRABALHO E EMPREGO;FRANCISCO MACENA DA SILVA;SEPROC;032.335/2023-7;16/08/2024;
Ofício 035.768/2024;SECRETARIA-EXECUTIVA DO MINISTÉRIO DO TRABALHO E EMPREGO;FRANCISCO MACENA DA SILVA;SEPROC;007.424/2024-8;16/08/2024;
Ofício 035.767/2024;SECRETARIA-EXECUTIVA DO MINISTÉRIO DO TRABALHO E EMPREGO;FRANCISCO MACENA DA SILVA;SEPROC;034.658/2023-8;16/08/2024;
Ofício 036.137/2024;SECRETARIA-EXECUTIVA DO MINISTÉRIO DO TRABALHO E EMPREGO;FRANCISCO MACENA DA SILVA;SEPROC;005.609/2024-0;16/08/2024;
Ofício 036.139/2024;SECRETARIA-EXECUTIVA DO MINISTÉRIO DO TRABALHO E EMPREGO;FRANCISCO MACENA DA SILVA;SEPROC;005.667/2024-0;16/08/2024;
Ofício 035.340/2024;SECRETARIA-EXECUTIVA DO MINISTÉRIO DO TRABALHO E EMPREGO;FRANCISCO MACENA DA SILVA;SEPROC;032.185/2023-5;15/08/2024;
Ofício 036.322/2024;SECRETARIA-EXECUTIVA DO MINISTÉRIO DO TRABALHO E EMPREGO;FRANCISCO MACENA DA SILVA;SEPROC;005.608/2024-4;15/08/2024;
Ofício 035.687/2024;SECRETARIA-EXECUTIVA DO MINISTÉRIO DO TRABALHO E EMPREGO;FRANCISCO MACENA DA SILVA;SEPROC;020.920/2023-7;14/08/2024;
Ofício 036.617/2024;SUPERINTENDÊNCIA REGIONAL DO TRABALHO NO DISTRITO FEDERAL;SUPERINTENDENTE DA SUPERINTENDÊNCIA REGIONAL DO TRABALHO E EMPREGO NO DISTRITO FEDERAL;SEPROC;000.748/2015-3;14/08/2024;
Ofício 000.871/2024;MINISTÉRIO DO TRABALHO E EMPREGO;SECRETÁRIO-EXECUTIVO DO MINISTÉRIO DO TRABALHO E EMPREGO;AUDTI;008.257/2024-8;13/08/2024;14/08/2024
Ofício 036.229/2024;ASSESSORIA ESPECIAL DE CONTROLE INTERNO DO MINISTÉRIO DO TRABALHO E EMPREGO;COORDENADOR(A)-GERAL DE RECURSOS LOGÍSTICOS DO MINISTÉRIO DO TRABALHO E EMPREGO;SEPROC;018.032/2024-9;13/08/2024;20/08/2024
Ofício 000.945/2024;SECRETARIA-EXECUTIVA DO MINISTÉRIO DO TRABALHO E EMPREGO;FRANCISCO MACENA DA SILVA ;AUDEDUCAÇÃO;017.461/2024-3;12/08/2024;23/08/2024
Ofício 034.664/2024;SECRETARIA-EXECUTIVA DO MINISTÉRIO DO TRABALHO E EMPREGO;FRANCISCO MACENA DA SILVA;SEPROC;006.476/2024-4;09/08/2024;
Ofício 035.028/2024;SECRETARIA-EXECUTIVA DO MINISTÉRIO DO TRABALHO E EMPREGO;FRANCISCO MACENA DA SILVA;SEPROC;019.311/2023-0;09/08/2024;
Ofício 035.027/2024;SECRETARIA-EXECUTIVA DO MINISTÉRIO DO TRABALHO E EMPREGO;FRANCISCO MACENA DA SILVA;SEPROC;000.150/2024-0;09/08/2024;
Ofício 035.026/2024;SECRETARIA-EXECUTIVA DO MINISTÉRIO DO TRABALHO E EMPREGO;FRANCISCO MACENA DA SILVA;SEPROC;037.330/2023-3;09/08/2024;
Ofício 035.029/2024;SECRETARIA-EXECUTIVA DO MINISTÉRIO DO TRABALHO E EMPREGO;FRANCISCO MACENA DA SILVA;SEPROC;000.262/2024-2;09/08/2024;
Ofício 034.392/2024;SECRETARIA-EXECUTIVA DO MINISTÉRIO DO TRABALHO E EMPREGO;FRANCISCO MACENA DA SILVA;SEPROC;006.867/2024-3;05/08/2024;
Ofício 034.404/2024;SECRETARIA-EXECUTIVA DO MINISTÉRIO DO TRABALHO E EMPREGO;FRANCISCO MACENA DA SILVA;SEPROC;006.478/2024-7;05/08/2024;
Ofício 034.412/2024;SECRETARIA-EXECUTIVA DO MINISTÉRIO DO TRABALHO E EMPREGO;FRANCISCO MACENA DA SILVA;SEPROC;039.496/2023-6;05/08/2024;
Ofício 033.697/2024;SECRETARIA-EXECUTIVA DO MINISTÉRIO DO TRABALHO E EMPREGO;FRANCISCO MACENA DA SILVA;SEPROC;032.131/2023-2;02/08/2024;
Ofício 034.529/2024;SECRETARIA-EXECUTIVA DO MINISTÉRIO DO TRABALHO E EMPREGO;FRANCISCO MACENA DA SILVA;SEPROC;005.410/2021-5;31/07/2024;
Ofício 034.017/2024;SECRETARIA-EXECUTIVA DO MINISTÉRIO DO TRABALHO E EMPREGO;FRANCISCO MACENA DA SILVA;SEPROC;006.380/2019-0;29/07/2024;13/08/2024
Ofício 033.117/2024;ASSESSORIA ESPECIAL DE CONTROLE INTERNO DO MINISTÉRIO DO TRABALHO E EMPREGO;CHEFE DA ASSESSORIA ESPECIAL DE CONTROLE INTERNO DO MINISTÉRIO DO TRABALHO E EMPREGO;SEPROC;023.723/2017-3;25/07/2024;
Ofício 033.004/2024;SECRETARIA-EXECUTIVA DO MINISTÉRIO DO TRABALHO E EMPREGO;FRANCISCO MACENA DA SILVA;SEPROC;005.811/2024-4;25/07/2024;
Ofício 033.636/2024;SECRETARIA-EXECUTIVA DO MINISTÉRIO DO TRABALHO E EMPREGO;FRANCISCO MACENA DA SILVA;SEPROC;017.773/2024-5;25/07/2024;25/07/2024
Ofício 031.551/2024;SECRETARIA-EXECUTIVA DO MINISTÉRIO DO TRABALHO E EMPREGO;FRANCISCO MACENA DA SILVA;SEPROC;037.333/2023-2;23/07/2024;
Ofício 031.479/2024;SECRETARIA-EXECUTIVA DO MINISTÉRIO DO TRABALHO E EMPREGO;FRANCISCO MACENA DA SILVA;SEPROC;037.331/2023-0;23/07/2024;
Ofício 031.260/2024;ASSESSORIA ESPECIAL DE CONTROLE INTERNO DO MINISTÉRIO DO TRABALHO E EMPREGO;CHEFE DA ASSESSORIA ESPECIAL DE CONTROLE INTERNO DO MINISTÉRIO DO TRABALHO E EMPREGO;SEPROC;036.831/2018-2;23/07/2024;
Ofício 031.424/2024;SECRETARIA-EXECUTIVA DO MINISTÉRIO DO TRABALHO E EMPREGO;FRANCISCO MACENA DA SILVA;SEPROC;000.493/2024-4;19/07/2024;
Ofício 032.205/2024;SECRETARIA-EXECUTIVA DO MINISTÉRIO DO TRABALHO E EMPREGO;FRANCISCO MACENA DA SILVA;SEPROC;005.602/2024-6;18/07/2024;12/09/2024
Ofício 032.201/2024;SECRETARIA-EXECUTIVA DO MINISTÉRIO DO TRABALHO E EMPREGO;FRANCISCO MACENA DA SILVA;SEPROC;000.258/2024-5;18/07/2024;09/09/2024
Ofício 031.835/2024;SECRETARIA-EXECUTIVA DO MINISTÉRIO DO TRABALHO E EMPREGO;FRANCISCO MACENA DA SILVA;SEPROC;022.919/2023-6;16/07/2024;29/07/2024
Ofício 031.040/2024;SECRETARIA-EXECUTIVA DO MINISTÉRIO DO TRABALHO E EMPREGO;FRANCISCO MACENA DA SILVA;SEPROC;000.476/2024-2;16/07/2024;
Ofício 031.926/2024;ASSESSORIA ESPECIAL DE CONTROLE INTERNO DO MINISTÉRIO DO TRABALHO E EMPREGO;CHEFE DA ASSESSORIA ESPECIAL DE CONTROLE INTERNO DO MINISTÉRIO DO TRABALHO E EMPREGO;SEPROC;028.377/2020-6;12/07/2024;
Ofício 031.651/2024;SECRETARIA-EXECUTIVA DO MINISTÉRIO DO TRABALHO E EMPREGO;FRANCISCO MACENA DA SILVA;SEPROC;000.474/2024-0;12/07/2024;13/08/2024
Ofício 030.266/2024;SECRETARIA-EXECUTIVA DO MINISTÉRIO DO TRABALHO E EMPREGO;FRANCISCO MACENA DA SILVA;SEPROC;047.073/2020-9;12/07/2024;
Ofício 031.024/2024;SUPERINTENDÊNCIA REGIONAL DO TRABALHO NO ESTADO DA PARAÍBA;SUPERINTENDENTE;SEPROC;039.697/2023-1;10/07/2024;
Ofício 029.807/2024;SECRETARIA-EXECUTIVA DO MINISTÉRIO DO TRABALHO E EMPREGO;FRANCISCO MACENA DA SILVA;SEPROC;037.532/2023-5;05/07/2024;
Ofício 029.793/2024;SECRETARIA-EXECUTIVA DO MINISTÉRIO DO TRABALHO E EMPREGO;FRANCISCO MACENA DA SILVA;SEPROC;037.707/2023-0;04/07/2024;
Ofício 029.812/2024;SECRETARIA-EXECUTIVA DO MINISTÉRIO DO TRABALHO E EMPREGO;FRANCISCO MACENA DA SILVA;SEPROC;037.322/2023-0;04/07/2024;
Ofício 029.797/2024;SECRETARIA-EXECUTIVA DO MINISTÉRIO DO TRABALHO E EMPREGO;FRANCISCO MACENA DA SILVA;SEPROC;032.937/2023-7;04/07/2024;
Ofício 029.736/2024;SECRETARIA-EXECUTIVA DO MINISTÉRIO DO TRABALHO E EMPREGO;FRANCISCO MACENA DA SILVA;SEPROC;024.249/2016-5;03/07/2024;
Ofício 028.905/2024;SECRETARIA-EXECUTIVA DO MINISTÉRIO DO TRABALHO E EMPREGO;FRANCISCO MACENA DA SILVA;SEPROC;019.655/2023-1;01/07/2024;
Ofício 028.683/2024;SECRETARIA-EXECUTIVA DO MINISTÉRIO DO TRABALHO E EMPREGO;FRANCISCO MACENA DA SILVA;SEPROC;019.696/2023-0;27/06/2024;
Ofício 028.399/2024;SECRETARIA-EXECUTIVA DO MINISTÉRIO DO TRABALHO E EMPREGO;FRANCISCO MACENA DA SILVA;SEPROC;031.805/2022-1;27/06/2024;
Ofício 028.414/2024;SECRETARIA-EXECUTIVA DO MINISTÉRIO DO TRABALHO E EMPREGO;FRANCISCO MACENA DA SILVA;SEPROC;015.040/2023-2;26/06/2024;
Ofício 028.466/2024;ASSESSORIA ESPECIAL DE CONTROLE INTERNO DO MINISTÉRIO DO TRABALHO E EMPREGO;CHEFE DA ASSESSORIA ESPECIAL DE CONTROLE INTERNO DO MINISTÉRIO DO TRABALHO E EMPREGO;SEPROC;025.919/2020-2;24/06/2024;
Ofício 025.047/2024;SECRETARIA-EXECUTIVA DO MINISTÉRIO DO TRABALHO E EMPREGO;FRANCISCO MACENA DA SILVA;SEPROC;032.137/2023-0;17/06/2024;
Ofício 026.593/2024;SECRETARIA-EXECUTIVA DO MINISTÉRIO DO TRABALHO E EMPREGO;FRANCISCO MACENA DA SILVA;SEPROC;037.332/2023-6;17/06/2024;
Ofício 027.464/2024;SUPERINTENDÊNCIA REGIONAL DO TRABALHO NO ESTADO DO RIO DE JANEIRO;SUPERINTENDENTE DA SUPERINTENDÊNCIA REGIONAL DO TRABALHO E EMPREGO NO ESTADO DO RIO DE JANEIRO;SEPROC;012.127/2017-5;14/06/2024;17/06/2024
Ofício 000.384/2024;SECRETARIA-EXECUTIVA DO MINISTÉRIO DO TRABALHO E EMPREGO;FRANCISCO MACENA DA SILVA;AUDTI;009.980/2024-5;14/06/2024;
Ofício 027.127/2024;SECRETARIA-EXECUTIVA DO MINISTÉRIO DO TRABALHO E EMPREGO;FRANCISCO MACENA DA SILVA;SEPROC;035.207/2023-0;13/06/2024;
Ofício 026.062/2024;SECRETARIA-EXECUTIVA DO MINISTÉRIO DO TRABALHO E EMPREGO;FRANCISCO MACENA DA SILVA;SEPROC;022.023/2023-2;13/06/2024;
Ofício 027.151/2024;SECRETARIA-EXECUTIVA DO MINISTÉRIO DO TRABALHO E EMPREGO;FRANCISCO MACENA DA SILVA;SEPROC;020.810/2023-7;13/06/2024;01/07/2024
Ofício 027.144/2024;SECRETARIA-EXECUTIVA DO MINISTÉRIO DO TRABALHO E EMPREGO;FRANCISCO MACENA DA SILVA;SEPROC;008.443/2024-6;13/06/2024;14/06/2024
Ofício 027.148/2024;SECRETARIA-EXECUTIVA DO MINISTÉRIO DO TRABALHO E EMPREGO;FRANCISCO MACENA DA SILVA;SEPROC;032.168/2023-3;13/06/2024;01/07/2024
Ofício 026.736/2024;MINISTÉRIO DO TRABALHO E EMPREGO;FRANCISCO MACENA DA SILVA;SEPROC;014.519/2023-2;11/06/2024;
Ofício 026.785/2024;SECRETARIA-EXECUTIVA DO MINISTÉRIO DO TRABALHO E EMPREGO;FRANCISCO MACENA DA SILVA;SEPROC;028.486/2013-7;11/06/2024;
Ofício 023.969/2024;SECRETARIA-EXECUTIVA DO MINISTÉRIO DO TRABALHO E EMPREGO;FRANCISCO MACENA DA SILVA;SEPROC;035.210/2023-0;07/06/2024;
Ofício 025.997/2024;FUNDO DE GARANTIA POR TEMPO DE SERVIÇO;PRESIDENTE DO CONSELHO CURADOR DO FGTS;SEPROC;040.431/2019-3;06/06/2024;
Ofício 024.423/2024;ASSESSORIA ESPECIAL DE CONTROLE INTERNO DO MINISTÉRIO DO TRABALHO E EMPREGO;CHEFE DA ASSESSORIA ESPECIAL DE CONTROLE INTERNO DO MINISTÉRIO DO TRABALHO E EMPREGO;SEPROC;014.543/2010-9;06/06/2024;
Ofício 025.571/2024;SUPERINTENDÊNCIA REGIONAL DO TRABALHO NO ESTADO DO RIO DE JANEIRO;SUPERINTENDENTE REGIONAL DO TRABALHO NO ESTADO DO RIO DE JANEIRO;SEPROC;034.295/2016-0;06/06/2024;
Ofício 025.358/2024;SECRETARIA-EXECUTIVA DO MINISTÉRIO DO TRABALHO E EMPREGO;FRANCISCO MACENA DA SILVA;SEPROC;022.029/2023-0;05/06/2024;05/08/2024
Ofício 025.243/2024;SECRETARIA-EXECUTIVA DO MINISTÉRIO DO TRABALHO E EMPREGO;FRANCISCO MACENA DA SILVA;SEPROC;037.334/2023-9;05/06/2024;
Ofício 023.178/2024;SECRETARIA-EXECUTIVA DO MINISTÉRIO DO TRABALHO E EMPREGO;FRANCISCO MACENA DA SILVA;SEPROC;040.711/2018-8;04/06/2024;
Ofício 025.181/2024;SECRETARIA-EXECUTIVA DO MINISTÉRIO DO TRABALHO E EMPREGO;FRANCISCO MACENA DA SILVA;SEPROC;022.027/2023-8;04/06/2024;
Ofício 022.964/2024;SECRETARIA-EXECUTIVA DO MINISTÉRIO DO TRABALHO E EMPREGO;FRANCISCO MACENA DA SILVA;SEPROC;020.779/2022-4;04/06/2024;
Ofício 025.502/2024;ASSESSORIA ESPECIAL DE CONTROLE INTERNO DO MINISTÉRIO DO TRABALHO E EMPREGO;CHEFE DA ASSESSORIA ESPECIAL DE CONTROLE INTERNO DO MINISTÉRIO DO TRABALHO E EMPREGO;SEPROC;010.349/2003-6;03/06/2024;
Ofício 024.929/2024;SECRETARIA-EXECUTIVA DO MINISTÉRIO DO TRABALHO E EMPREGO;FRANCISCO MACENA DA SILVA;SEPROC;021.209/2017-0;03/06/2024;
Ofício 024.294/2024;SECRETARIA-EXECUTIVA DO MINISTÉRIO DO TRABALHO E EMPREGO;FRANCISCO MACENA DA SILVA;SEPROC;037.276/2018-2;03/06/2024;
Ofício 023.113/2024;SECRETARIA-EXECUTIVA DO MINISTÉRIO DO TRABALHO E EMPREGO;FRANCISCO MACENA DA SILVA;SEPROC;047.073/2020-9;03/06/2024;
Ofício 024.782/2024;SECRETARIA-EXECUTIVA DO MINISTÉRIO DO TRABALHO E EMPREGO;FRANCISCO MACENA DA SILVA;SEPROC;008.765/2022-7;03/06/2024;
Ofício 022.844/2024;SECRETARIA-EXECUTIVA DO MINISTÉRIO DO TRABALHO E EMPREGO;FRANCISCO MACENA DA SILVA;SEPROC;008.645/2023-0;29/05/2024;
Ofício 024.580/2024;SECRETARIA-EXECUTIVA DO MINISTÉRIO DO TRABALHO E EMPREGO;FRANCISCO MACENA DA SILVA;SEPROC;021.976/2023-6;29/05/2024;
Aviso 000.389/2024;MINISTÉRIO DO TRABALHO E EMPREGO;;GABPRES;026.100/2021-5;28/05/2024;
Ofício 022.691/2024;SECRETARIA-EXECUTIVA DO MINISTÉRIO DO TRABALHO E EMPREGO;FRANCISCO MACENA DA SILVA;SEPROC;035.212/2023-3;27/05/2024;11/06/2024
Ofício 021.887/2024;SECRETARIA-EXECUTIVA DO MINISTÉRIO DO TRABALHO E EMPREGO;FRANCISCO MACENA DA SILVA;SEPROC;040.487/2023-7;22/05/2024;07/06/2024
Ofício 018.376/2024;SECRETARIA-EXECUTIVA DO MINISTÉRIO DO TRABALHO E EMPREGO;FRANCISCO MACENA DA SILVA;SEPROC;041.010/2018-3;22/05/2024;
Ofício 022.471/2024;SECRETARIA-EXECUTIVA DO MINISTÉRIO DO TRABALHO E EMPREGO;FRANCISCO MACENA DA SILVA;SEPROC;040.490/2023-8;21/05/2024;
Ofício 022.455/2024;SECRETARIA-EXECUTIVA DO MINISTÉRIO DO TRABALHO E EMPREGO;FRANCISCO MACENA DA SILVA;SEPROC;040.484/2023-8;17/05/2024;
Ofício 022.186/2024;SECRETARIA-EXECUTIVA DO MINISTÉRIO DO TRABALHO E EMPREGO;FRANCISCO MACENA DA SILVA;SEPROC;037.530/2023-2;17/05/2024;03/06/2024
Ofício 021.647/2024;SECRETARIA-EXECUTIVA DO MINISTÉRIO DO TRABALHO E EMPREGO;FRANCISCO MACENA DA SILVA;SEPROC;006.385/2019-2;15/05/2024;
Ofício 021.643/2024;SECRETARIA-EXECUTIVA DO MINISTÉRIO DO TRABALHO E EMPREGO;FRANCISCO MACENA DA SILVA;SEPROC;042.934/2021-4;15/05/2024;16/05/2024
Ofício 021.189/2024;SECRETARIA-EXECUTIVA DO MINISTÉRIO DO TRABALHO E EMPREGO;FRANCISCO MACENA DA SILVA;SEPROC;012.649/2021-0;15/05/2024;
Ofício 021.349/2024;SECRETARIA-EXECUTIVA DO MINISTÉRIO DO TRABALHO E EMPREGO;FRANCISCO MACENA DA SILVA;SEPROC;035.938/2020-0;13/05/2024;
Ofício 021.354/2024;SECRETARIA-EXECUTIVA DO MINISTÉRIO DO TRABALHO E EMPREGO;FRANCISCO MACENA DA SILVA;SEPROC;032.079/2023-0;10/05/2024;
Ofício 020.729/2024;SECRETARIA-EXECUTIVA DO MINISTÉRIO DO TRABALHO E EMPREGO;FRANCISCO MACENA DA SILVA;SEPROC;007.798/2023-7;10/05/2024;
Ofício 021.336/2024;SECRETARIA DE INSPEÇÃO DO TRABALHO;SECRETÁRIO(A) DE INSPEÇÃO DO TRABALHO DO MINISTÉRIO DO TRABALHO E EMPREGO;SEPROC;045.311/2021-8;10/05/2024;
Ofício 021.337/2024;SECRETARIA-EXECUTIVA DO MINISTÉRIO DO TRABALHO E EMPREGO;FRANCISCO MACENA DA SILVA;SEPROC;045.311/2021-8;10/05/2024;
Ofício 020.969/2024;SECRETARIA-EXECUTIVA DO MINISTÉRIO DO TRABALHO E EMPREGO;FRANCISCO MACENA DA SILVA;SEPROC;040.492/2023-0;09/05/2024;
Ofício 020.966/2024;SECRETARIA-EXECUTIVA DO MINISTÉRIO DO TRABALHO E EMPREGO;FRANCISCO MACENA DA SILVA;SEPROC;040.491/2023-4;09/05/2024;
Ofício 021.142/2024;SECRETARIA-EXECUTIVA DO MINISTÉRIO DO TRABALHO E EMPREGO;FRANCISCO MACENA DA SILVA;SEPROC;004.736/2023-0;09/05/2024;
Ofício 020.287/2024;ASSESSORIA ESPECIAL DE CONTROLE INTERNO DO MINISTÉRIO DO TRABALHO E EMPREGO;COORDENADOR(A)-GERAL DE RECURSOS LOGÍSTICOS DO MINISTÉRIO DO TRABALHO E EMPREGO;SEPROC;007.863/2024-1;06/05/2024;
Ofício 020.548/2024;SECRETARIA-EXECUTIVA DO MINISTÉRIO DO TRABALHO E EMPREGO;FRANCISCO MACENA DA SILVA;SEPROC;018.801/2014-5;06/05/2024;
Ofício 018.737/2024;SECRETARIA-EXECUTIVA DO MINISTÉRIO DO TRABALHO E EMPREGO;FRANCISCO MACENA DA SILVA;SEPROC;015.221/2023-7;06/05/2024;
Ofício 019.073/2024;SECRETARIA-EXECUTIVA DO MINISTÉRIO DO TRABALHO E EMPREGO;FRANCISCO MACENA DA SILVA;SEPROC;001.594/2022-2;06/05/2024;
Ofício 020.505/2024;SECRETARIA-EXECUTIVA DO MINISTÉRIO DO TRABALHO E EMPREGO;FRANCISCO MACENA DA SILVA;SEPROC;014.483/2015-7;03/05/2024;13/05/2024
Ofício 018.849/2024;SECRETARIA-EXECUTIVA DO MINISTÉRIO DO TRABALHO E EMPREGO;FRANCISCO MACENA DA SILVA;SEPROC;014.524/2023-6;03/05/2024;
Ofício 017.738/2024;SECRETARIA-EXECUTIVA DO MINISTÉRIO DO TRABALHO E EMPREGO;FRANCISCO MACENA DA SILVA;SEPROC;014.813/2023-8;26/04/2024;
Ofício 017.445/2024;SECRETARIA-EXECUTIVA DO MINISTÉRIO DO TRABALHO E EMPREGO;FRANCISCO MACENA DA SILVA;SEPROC;014.686/2016-3;25/04/2024;
Ofício 018.302/2024;SECRETARIA-EXECUTIVA DO MINISTÉRIO DO TRABALHO E EMPREGO;FRANCISCO MACENA DA SILVA;SEPROC;045.105/2021-9;23/04/2024;
Ofício 015.757/2024;SECRETARIA-EXECUTIVA DO MINISTÉRIO DO TRABALHO E EMPREGO;FRANCISCO MACENA DA SILVA;SEPROC;015.013/2023-5;23/04/2024;
Ofício 016.001/2024;SECRETARIA-EXECUTIVA DO MINISTÉRIO DO TRABALHO E EMPREGO;FRANCISCO MACENA DA SILVA;SEPROC;005.410/2021-5;22/04/2024;
Ofício 017.654/2024;ASSESSORIA ESPECIAL DE CONTROLE INTERNO DO MINISTÉRIO DO TRABALHO E EMPREGO;COORDENADOR(A)-GERAL DE RECURSOS LOGÍSTICOS DO MINISTÉRIO DO TRABALHO E EMPREGO;SEPROC;007.863/2024-1;21/04/2024;26/04/2024
Ofício 015.871/2024;Identidade preservada;FRANCISCO MACENA DA SILVA;SEPROC;027.530/2023-0;19/04/2024;
Ofício 016.513/2024;SECRETARIA DE RELAÇÕES DO TRABALHO;SECRETÁRIO(A) DE RELAÇÕES DO TRABALHO;SEPROC;003.472/2022-1;16/04/2024;
Ofício 015.858/2024;SECRETARIA-EXECUTIVA DO MINISTÉRIO DO TRABALHO E EMPREGO;FRANCISCO MACENA DA SILVA;SEPROC;036.810/2018-5;15/04/2024;19/04/2024
Ofício 013.741/2024;SECRETARIA-EXECUTIVA DO MINISTÉRIO DO TRABALHO E EMPREGO;FRANCISCO MACENA DA SILVA;SEPROC;006.756/2021-2;12/04/2024;
Ofício 015.641/2024;SECRETARIA-EXECUTIVA DO MINISTÉRIO DO TRABALHO E EMPREGO;FRANCISCO MACENA DA SILVA;SEPROC;014.523/2023-0;11/04/2024;05/07/2024
Ofício 015.337/2024;SECRETARIA-EXECUTIVA DO MINISTÉRIO DO TRABALHO E EMPREGO;FRANCISCO MACENA DA SILVA;SEPROC;008.276/2023-4;10/04/2024;
Ofício 015.068/2024;SECRETARIA-EXECUTIVA DO MINISTÉRIO DO TRABALHO E EMPREGO;FRANCISCO MACENA DA SILVA;SEPROC;008.257/2023-0;10/04/2024;
Ofício 014.320/2024;SECRETARIA-EXECUTIVA DO MINISTÉRIO DO TRABALHO E EMPREGO;FRANCISCO MACENA DA SILVA;SEPROC;014.113/2022-8;09/04/2024;
Ofício 015.238/2024;SECRETARIA-EXECUTIVA DO MINISTÉRIO DO TRABALHO E EMPREGO;FRANCISCO MACENA DA SILVA;SEPROC;008.277/2023-0;08/04/2024;
Ofício 015.155/2024;ASSESSORIA ESPECIAL DE CONTROLE INTERNO DO MINISTÉRIO DO TRABALHO E EMPREGO;CHEFE DA ASSESSORIA ESPECIAL DE CONTROLE INTERNO DO MINISTÉRIO DO TRABALHO E EMPREGO;SEPROC;047.073/2020-9;08/04/2024;
Ofício 014.588/2024;SECRETARIA-EXECUTIVA DO MINISTÉRIO DO TRABALHO E EMPREGO;FRANCISCO MACENA DA SILVA;SEPROC;012.649/2021-0;05/04/2024;
Ofício 012.784/2024;SECRETARIA-EXECUTIVA DO MINISTÉRIO DO TRABALHO E EMPREGO;FRANCISCO MACENA DA SILVA;SEPROC;019.104/2021-9;03/04/2024;
Ofício 013.778/2024;SECRETARIA-EXECUTIVA DO MINISTÉRIO DO TRABALHO E EMPREGO;FRANCISCO MACENA DA SILVA;SEPROC;009.656/2023-5;03/04/2024;
Ofício 012.491/2024;SECRETARIA-EXECUTIVA DO MINISTÉRIO DO TRABALHO E EMPREGO;FRANCISCO MACENA DA SILVA;SEPROC;033.606/2023-4;27/03/2024;
Ofício 011.815/2024;SECRETARIA-EXECUTIVA DO MINISTÉRIO DO TRABALHO E EMPREGO;FRANCISCO MACENA DA SILVA;SEPROC;012.371/2021-1;25/03/2024;
Ofício 011.816/2024;ASSESSORIA ESPECIAL DE CONTROLE INTERNO DO MINISTÉRIO DO TRABALHO E EMPREGO;CHEFE DA ASSESSORIA ESPECIAL DE CONTROLE INTERNO DO MINISTÉRIO DO TRABALHO E EMPREGO;SEPROC;012.371/2021-1;22/03/2024;
Ofício 012.126/2024;SECRETARIA-EXECUTIVA DO MINISTÉRIO DO TRABALHO E EMPREGO;FRANCISCO MACENA DA SILVA;SEPROC;021.853/2023-1;20/03/2024;16/04/2024
Ofício 010.635/2024;Identidade preservada;FRANCISCO MACENA DA SILVA;SEPROC;012.926/2017-5;20/03/2024;19/06/2024
Ofício 011.777/2024;SECRETARIA-EXECUTIVA DO MINISTÉRIO DO TRABALHO E EMPREGO;FRANCISCO MACENA DA SILVA;SEPROC;042.433/2021-5;19/03/2024;12/08/2024
Ofício 011.582/2024;SECRETARIA-EXECUTIVA DO MINISTÉRIO DO TRABALHO E EMPREGO;FRANCISCO MACENA DA SILVA;SEPROC;008.280/2023-1;19/03/2024;
Ofício 010.346/2024;SECRETARIA-EXECUTIVA DO MINISTÉRIO DO TRABALHO E EMPREGO;FRANCISCO MACENA DA SILVA;SEPROC;009.563/2023-7;19/03/2024;
Ofício 010.347/2024;ASSESSORIA ESPECIAL DE CONTROLE INTERNO DO MINISTÉRIO DO TRABALHO E EMPREGO;CHEFE DA ASSESSORIA ESPECIAL DE CONTROLE INTERNO DO MINISTÉRIO DO TRABALHO E EMPREGO;SEPROC;009.563/2023-7;18/03/2024;
Ofício 011.581/2024;ASSESSORIA ESPECIAL DE CONTROLE INTERNO DO MINISTÉRIO DO TRABALHO E EMPREGO;CHEFE DA ASSESSORIA ESPECIAL DE CONTROLE INTERNO DO MINISTÉRIO DO TRABALHO E EMPREGO;SEPROC;008.280/2023-1;18/03/2024;
Ofício 009.732/2024;SECRETARIA-EXECUTIVA DO MINISTÉRIO DO TRABALHO E EMPREGO;FRANCISCO MACENA DA SILVA;SEPROC;019.967/2022-5;13/03/2024;
Ofício 008.864/2024;SECRETARIA-EXECUTIVA DO MINISTÉRIO DO TRABALHO E EMPREGO;FRANCISCO MACENA DA SILVA;SEPROC;007.851/2023-5;12/03/2024;
Ofício 000.112/2024;MINISTÉRIO DO TRABALHO E EMPREGO;CLAUDIO ANTONIO DE ALMEIDA PY;AUDPESSOAL;034.354/2023-9;12/03/2024;02/04/2024
Ofício 009.731/2024;ASSESSORIA ESPECIAL DE CONTROLE INTERNO DO MINISTÉRIO DO TRABALHO E EMPREGO;CHEFE DA ASSESSORIA ESPECIAL DE CONTROLE INTERNO DO MINISTÉRIO DO TRABALHO E EMPREGO;SEPROC;019.967/2022-5;12/03/2024;
Ofício 008.863/2024;ASSESSORIA ESPECIAL DE CONTROLE INTERNO DO MINISTÉRIO DO TRABALHO E EMPREGO;CHEFE DA ASSESSORIA ESPECIAL DE CONTROLE INTERNO DO MINISTÉRIO DO TRABALHO E EMPREGO;SEPROC;007.851/2023-5;11/03/2024;
Ofício 009.579/2024;SECRETARIA-EXECUTIVA DO MINISTÉRIO DO TRABALHO E EMPREGO;FRANCISCO MACENA DA SILVA;SEPROC;029.833/2016-7;11/03/2024;
Ofício 007.864/2024;ASSESSORIA ESPECIAL DE CONTROLE INTERNO DO MINISTÉRIO DO TRABALHO E EMPREGO;CHEFE DA ASSESSORIA ESPECIAL DE CONTROLE INTERNO DO MINISTÉRIO DO TRABALHO E EMPREGO;SEPROC;035.737/2020-4;06/03/2024;
Ofício 008.923/2024;SECRETARIA-EXECUTIVA DO MINISTÉRIO DO TRABALHO E EMPREGO;FRANCISCO MACENA DA SILVA;SEPROC;024.291/2020-0;05/03/2024;
Ofício 008.890/2024;SECRETARIA-EXECUTIVA DO MINISTÉRIO DO TRABALHO E EMPREGO;FRANCISCO MACENA DA SILVA;SEPROC;004.732/2023-5;05/03/2024;
Ofício 008.924/2024;ASSESSORIA ESPECIAL DE CONTROLE INTERNO DO MINISTÉRIO DO TRABALHO E EMPREGO;CHEFE DA ASSESSORIA ESPECIAL DE CONTROLE INTERNO DO MINISTÉRIO DO TRABALHO E EMPREGO;SEPROC;024.291/2020-0;05/03/2024;
Ofício 008.889/2024;ASSESSORIA ESPECIAL DE CONTROLE INTERNO DO MINISTÉRIO DO TRABALHO E EMPREGO;CHEFE DA ASSESSORIA ESPECIAL DE CONTROLE INTERNO DO MINISTÉRIO DO TRABALHO E EMPREGO;SEPROC;004.732/2023-5;05/03/2024;
Ofício 006.953/2024;Identidade preservada;FRANCISCO MACENA DA SILVA;SEPROC;037.375/2023-7;29/02/2024;
Ofício 007.652/2024;SECRETARIA-EXECUTIVA DO MINISTÉRIO DO TRABALHO E EMPREGO;FRANCISCO MACENA DA SILVA;SEPROC;006.464/2022-0;28/02/2024;
Ofício 006.954/2024;Identidade preservada;CHEFE DA ASSESSORIA ESPECIAL DE CONTROLE INTERNO DO MINISTÉRIO DO TRABALHO E EMPREGO;SEPROC;037.375/2023-7;28/02/2024;30/08/2024
Ofício 000.238/2024;Identidade preservada;LUIZ MARINHO;AUDEDUCAÇÃO;036.167/2021-5;26/02/2024;15/03/2024
Ofício 006.843/2024;SECRETARIA-EXECUTIVA DO MINISTÉRIO DO TRABALHO E EMPREGO;FRANCISCO MACENA DA SILVA;SEPROC;041.010/2018-3;23/02/2024;
Ofício 006.844/2024;ASSESSORIA ESPECIAL DE CONTROLE INTERNO DO MINISTÉRIO DO TRABALHO E EMPREGO;CHEFE DA ASSESSORIA ESPECIAL DE CONTROLE INTERNO DO MINISTÉRIO DO TRABALHO E EMPREGO;SEPROC;041.010/2018-3;23/02/2024;
Ofício 004.498/2024;SECRETARIA-EXECUTIVA DO MINISTÉRIO DO TRABALHO E EMPREGO;FRANCISCO MACENA DA SILVA;SEPROC;000.154/2021-0;22/02/2024;
Ofício 004.692/2024;SECRETARIA-EXECUTIVA DO MINISTÉRIO DO TRABALHO E EMPREGO;FRANCISCO MACENA DA SILVA;SEPROC;020.885/2023-7;16/02/2024;
Ofício 004.306/2024;ASSESSORIA ESPECIAL DE CONTROLE INTERNO DO MINISTÉRIO DO TRABALHO E EMPREGO;CHEFE DA ASSESSORIA ESPECIAL DE CONTROLE INTERNO DO MINISTÉRIO DO TRABALHO E EMPREGO;SEPROC;035.737/2020-4;15/02/2024;
Ofício 004.739/2024;SECRETARIA-EXECUTIVA DO MINISTÉRIO DO TRABALHO E EMPREGO;FRANCISCO MACENA DA SILVA;SEPROC;006.464/2022-0;08/02/2024;06/05/2024
Ofício 004.754/2024;SECRETARIA DE INSPEÇÃO DO TRABALHO;SECRETÁRIO(A) DE INSPEÇÃO DO TRABALHO DO MINISTÉRIO DA ECONOMIA;SEPROC;006.464/2022-0;08/02/2024;
Ofício 004.753/2024;SECRETARIA DE PROTEÇÃO AO TRABALHADOR;DIRETOR(A) DO DEPARTAMENTO DE GESTÃO DE BENEFÍCIOS;SEPROC;006.464/2022-0;08/02/2024;
Ofício 004.751/2024;FUNDO DE AMPARO AO TRABALHADOR;PRESIDENTE DO CONSELHO DELIBERATIVO DO FUNDO DE AMPARO AO TRABALHADOR;SEPROC;006.464/2022-0;08/02/2024;
Ofício 003.831/2024;SECRETARIA-EXECUTIVA DO MINISTÉRIO DO TRABALHO E EMPREGO;FRANCISCO MACENA DA SILVA;SEPROC;011.246/2016-2;02/02/2024;
Ofício 003.544/2024;SECRETARIA-EXECUTIVA DO MINISTÉRIO DO TRABALHO E EMPREGO;FRANCISCO MACENA DA SILVA;SEPROC;030.547/2022-9;02/02/2024;
Ofício 003.865/2024;SECRETARIA-EXECUTIVA DO MINISTÉRIO DO TRABALHO E EMPREGO;FRANCISCO MACENA DA SILVA;SEPROC;004.728/2023-8;02/02/2024;
Ofício 003.866/2024;ASSESSORIA ESPECIAL DE CONTROLE INTERNO DO MINISTÉRIO DO TRABALHO E EMPREGO;CHEFE DA ASSESSORIA ESPECIAL DE CONTROLE INTERNO DO MINISTÉRIO DO TRABALHO E EMPREGO;SEPROC;004.728/2023-8;02/02/2024;
Ofício 003.545/2024;ASSESSORIA ESPECIAL DE CONTROLE INTERNO DO MINISTÉRIO DO TRABALHO E EMPREGO;CHEFE DA ASSESSORIA ESPECIAL DE CONTROLE INTERNO DO MINISTÉRIO DO TRABALHO E EMPREGO;SEPROC;030.547/2022-9;02/02/2024;
Ofício 003.177/2024;SECRETARIA-EXECUTIVA DO MINISTÉRIO DO TRABALHO E EMPREGO;FRANCISCO MACENA DA SILVA;SEPROC;013.964/2018-6;01/02/2024;
Ofício 003.178/2024;ASSESSORIA ESPECIAL DE CONTROLE INTERNO DO MINISTÉRIO DO TRABALHO E EMPREGO;CHEFE DA ASSESSORIA ESPECIAL DE CONTROLE INTERNO DO MINISTÉRIO DO TRABALHO E EMPREGO;SEPROC;013.964/2018-6;01/02/2024;
Ofício 002.685/2024;SECRETARIA-EXECUTIVA DO MINISTÉRIO DO TRABALHO E EMPREGO;FRANCISCO MACENA DA SILVA;SEPROC;004.756/2023-1;01/02/2024;
Ofício 002.686/2024;ASSESSORIA ESPECIAL DE CONTROLE INTERNO DO MINISTÉRIO DO TRABALHO E EMPREGO;CHEFE DA ASSESSORIA ESPECIAL DE CONTROLE INTERNO DO MINISTÉRIO DO TRABALHO E EMPREGO;SEPROC;004.756/2023-1;30/01/2024;
Ofício 002.123/2024;SECRETARIA-EXECUTIVA DO MINISTÉRIO DO TRABALHO E EMPREGO;FRANCISCO MACENA DA SILVA;SEPROC;041.035/2021-6;25/01/2024;
Ofício 002.122/2024;ASSESSORIA ESPECIAL DE CONTROLE INTERNO DO MINISTÉRIO DO TRABALHO E EMPREGO;CHEFE DA ASSESSORIA ESPECIAL DE CONTROLE INTERNO DO MINISTÉRIO DO TRABALHO E EMPREGO;SEPROC;041.035/2021-6;24/01/2024;
Ofício 000.890/2024;ASSESSORIA ESPECIAL DE CONTROLE INTERNO DO MINISTÉRIO DO TRABALHO E EMPREGO;CHEFE DA ASSESSORIA ESPECIAL DE CONTROLE INTERNO DO MINISTÉRIO DO TRABALHO E EMPREGO;SEPROC;004.747/2023-2;10/01/2024;
Ofício 000.891/2024;SECRETARIA-EXECUTIVA DO MINISTÉRIO DO TRABALHO E EMPREGO;FRANCISCO MACENA DA SILVA;SEPROC;004.747/2023-2;10/01/2024;
Ofício 000.456/2024;ASSESSORIA ESPECIAL DE CONTROLE INTERNO DO MINISTÉRIO DO TRABALHO E EMPREGO;CHEFE DA ASSESSORIA ESPECIAL DE CONTROLE INTERNO DO MINISTÉRIO DO TRABALHO E EMPREGO;SEPROC;002.473/2023-2;08/01/2024;
Ofício 000.455/2024;SECRETARIA-EXECUTIVA DO MINISTÉRIO DO TRABALHO E EMPREGO;FRANCISCO MACENA DA SILVA;SEPROC;002.473/2023-2;08/01/2024;
Ofício 000.430/2024;SECRETARIA-EXECUTIVA DO MINISTÉRIO DO TRABALHO E EMPREGO;FRANCISCO MACENA DA SILVA;SEPROC;002.477/2023-8;05/01/2024;
Ofício 000.431/2024;ASSESSORIA ESPECIAL DE CONTROLE INTERNO DO MINISTÉRIO DO TRABALHO E EMPREGO;CHEFE DA ASSESSORIA ESPECIAL DE CONTROLE INTERNO DO MINISTÉRIO DO TRABALHO E EMPREGO;SEPROC;002.477/2023-8;05/01/2024;
Ofício 062.412/2023;Identidade preservada;FRANCISCO MACENA DA SILVA;SEPROC;019.347/2023-5;27/12/2023;
Ofício 061.690/2023;SECRETARIA-EXECUTIVA DO MINISTÉRIO DO TRABALHO E EMPREGO;FRANCISCO MACENA DA SILVA;SEPROC;020.743/2022-0;18/12/2023;
Ofício 062.822/2023;SECRETARIA-EXECUTIVA DO MINISTÉRIO DO TRABALHO E EMPREGO;FRANCISCO MACENA DA SILVA;SEPROC;012.371/2021-1;18/12/2023;
Ofício 061.689/2023;ASSESSORIA ESPECIAL DE CONTROLE INTERNO DO MINISTÉRIO DO TRABALHO E EMPREGO;CHEFE DA ASSESSORIA ESPECIAL DE CONTROLE INTERNO DO MINISTÉRIO DO TRABALHO E EMPREGO;SEPROC;020.743/2022-0;15/12/2023;
Ofício 062.823/2023;ASSESSORIA ESPECIAL DE CONTROLE INTERNO DO MINISTÉRIO DO TRABALHO E EMPREGO;CHEFE DA ASSESSORIA ESPECIAL DE CONTROLE INTERNO DO MINISTÉRIO DO TRABALHO E EMPREGO;SEPROC;012.371/2021-1;15/12/2023;
Ofício 061.488/2023;SECRETARIA-EXECUTIVA DO MINISTÉRIO DO TRABALHO E EMPREGO;FRANCISCO MACENA DA SILVA;SEPROC;031.801/2022-6;15/12/2023;
Ofício 061.848/2023;SECRETARIA-EXECUTIVA DO MINISTÉRIO DO TRABALHO E EMPREGO;FRANCISCO MACENA DA SILVA;SEPROC;036.810/2018-5;15/12/2023;
Ofício 063.004/2023;FUNDO DE GARANTIA POR TEMPO DE SERVIÇO;PRESIDENTE DO CONSELHO CURADOR DO FGTS;SEPROC;033.579/2019-9;15/12/2023;
Ofício 061.489/2023;ASSESSORIA ESPECIAL DE CONTROLE INTERNO DO MINISTÉRIO DO TRABALHO E EMPREGO;CHEFE DA ASSESSORIA ESPECIAL DE CONTROLE INTERNO DO MINISTÉRIO DO TRABALHO E EMPREGO;SEPROC;031.801/2022-6;15/12/2023;
Ofício 061.849/2023;ASSESSORIA ESPECIAL DE CONTROLE INTERNO DO MINISTÉRIO DO TRABALHO E EMPREGO;CHEFE DA ASSESSORIA ESPECIAL DE CONTROLE INTERNO DO MINISTÉRIO DO TRABALHO E EMPREGO;SEPROC;036.810/2018-5;14/12/2023;
Ofício 061.436/2023;SECRETARIA-EXECUTIVA DO MINISTÉRIO DO TRABALHO E EMPREGO;FRANCISCO MACENA DA SILVA;SEPROC;021.301/2022-0;14/12/2023;
Ofício 000.604/2023;SECRETARIA-EXECUTIVA DO MINISTÉRIO DO TRABALHO E EMPREGO;FRANCISCO MACENA DA SILVA;AUDGESTÃOINOVAÇÃO;031.805/2023-0;14/12/2023;
Ofício 061.438/2023;ASSESSORIA ESPECIAL DE CONTROLE INTERNO DO MINISTÉRIO DO TRABALHO E EMPREGO;CHEFE DA ASSESSORIA ESPECIAL DE CONTROLE INTERNO DO MINISTÉRIO DO TRABALHO E EMPREGO;SEPROC;021.301/2022-0;14/12/2023;
Ofício 060.280/2023;SECRETARIA-EXECUTIVA DO MINISTÉRIO DO TRABALHO E EMPREGO;FRANCISCO MACENA DA SILVA;SEPROC;021.297/2022-3;04/12/2023;
Ofício 060.281/2023;ASSESSORIA ESPECIAL DE CONTROLE INTERNO DO MINISTÉRIO DO TRABALHO E EMPREGO;CHEFE DA ASSESSORIA ESPECIAL DE CONTROLE INTERNO DO MINISTÉRIO DO TRABALHO E EMPREGO;SEPROC;021.297/2022-3;04/12/2023;
Ofício 060.082/2023;SECRETARIA-EXECUTIVA DO MINISTÉRIO DO TRABALHO E EMPREGO;FRANCISCO MACENA DA SILVA;SEPROC;021.307/2022-9;30/11/2023;
Ofício 060.083/2023;ASSESSORIA ESPECIAL DE CONTROLE INTERNO DO MINISTÉRIO DO TRABALHO E EMPREGO;CHEFE DA ASSESSORIA ESPECIAL DE CONTROLE INTERNO DO MINISTÉRIO DO TRABALHO E EMPREGO;SEPROC;021.307/2022-9;30/11/2023;
Ofício 059.534/2023;SECRETARIA-EXECUTIVA DO MINISTÉRIO DO TRABALHO E EMPREGO;FRANCISCO MACENA DA SILVA;SEPROC;036.882/2018-6;29/11/2023;
Ofício 058.398/2023;SECRETARIA-EXECUTIVA DO MINISTÉRIO DO TRABALHO E EMPREGO;FRANCISCO MACENA DA SILVA;SEPROC;021.209/2017-0;22/11/2023;
Ofício 057.243/2023;SECRETARIA-EXECUTIVA DO MINISTÉRIO DO TRABALHO E EMPREGO;FRANCISCO MACENA DA SILVA;SEPROC;008.960/2016-0;22/11/2023;
Ofício 057.583/2023;SECRETARIA-EXECUTIVA DO MINISTÉRIO DO TRABALHO E EMPREGO;FRANCISCO MACENA DA SILVA;SEPROC;031.793/2022-3;21/11/2023;
Ofício 057.584/2023;ASSESSORIA ESPECIAL DE CONTROLE INTERNO DO MINISTÉRIO DO TRABALHO E EMPREGO;CHEFE DA ASSESSORIA ESPECIAL DE CONTROLE INTERNO DO MINISTÉRIO DO TRABALHO E EMPREGO;SEPROC;031.793/2022-3;21/11/2023;
Ofício 057.322/2023;SECRETARIA-EXECUTIVA DO MINISTÉRIO DO TRABALHO E EMPREGO;FRANCISCO MACENA DA SILVA;SEPROC;019.608/2022-5;17/11/2023;
Ofício 057.323/2023;ASSESSORIA ESPECIAL DE CONTROLE INTERNO DO MINISTÉRIO DO TRABALHO E EMPREGO;CHEFE DA ASSESSORIA ESPECIAL DE CONTROLE INTERNO DO MINISTÉRIO DO TRABALHO E EMPREGO;SEPROC;019.608/2022-5;16/11/2023;
Ofício 056.778/2023;SECRETARIA-EXECUTIVA DO MINISTÉRIO DO TRABALHO E EMPREGO;FRANCISCO MACENA DA SILVA;SEPROC;031.800/2022-0;16/11/2023;
Ofício 056.323/2023;SECRETARIA-EXECUTIVA DO MINISTÉRIO DO TRABALHO E EMPREGO;FRANCISCO MACENA DA SILVA;SEPROC;031.794/2022-0;16/11/2023;
Ofício 056.322/2023;ASSESSORIA ESPECIAL DE CONTROLE INTERNO DO MINISTÉRIO DO TRABALHO E EMPREGO;CHEFE DA ASSESSORIA ESPECIAL DE CONTROLE INTERNO DO MINISTÉRIO DO TRABALHO E EMPREGO;SEPROC;031.794/2022-0;16/11/2023;
Ofício 000.740/2023;ASSESSORIA ESPECIAL DE CONTROLE INTERNO DO MINISTÉRIO DO TRABALHO E EMPREGO;CHEFE DA ASSESSORIA ESPECIAL DE CONTROLE INTERNO DO MINISTÉRIO DO TRABALHO E EMPREGO;AUDPESSOAL;;14/11/2023;
Ofício 056.541/2023;SECRETARIA-EXECUTIVA DO MINISTÉRIO DO TRABALHO E EMPREGO;FRANCISCO MACENA DA SILVA;SEPROC;031.824/2018-8;14/11/2023;
Ofício 055.352/2023;SECRETARIA-EXECUTIVA DO MINISTÉRIO DO TRABALHO E EMPREGO;FRANCISCO MACENA DA SILVA;SEPROC;016.714/2021-0;07/11/2023;26/02/2024
Ofício 055.036/2023;SECRETARIA-EXECUTIVA DO MINISTÉRIO DO TRABALHO E EMPREGO;FRANCISCO MACENA DA SILVA;SEPROC;001.852/2015-9;06/11/2023;
Ofício 054.030/2023;SECRETARIA-EXECUTIVA DO MINISTÉRIO DO TRABALHO E EMPREGO;FRANCISCO MACENA DA SILVA;SEPROC;006.389/2022-8;01/11/2023;
Aviso 000.895/2023;MINISTÉRIO DO TRABALHO E EMPREGO;;GABPRES;033.038/2023-6;31/10/2023;
Ofício 052.926/2023;SECRETARIA-EXECUTIVA DO MINISTÉRIO DO TRABALHO E EMPREGO;FRANCISCO MACENA DA SILVA;SEPROC;019.104/2021-9;24/10/2023;
Ofício 052.564/2023;SECRETARIA-EXECUTIVA DO MINISTÉRIO DO TRABALHO E EMPREGO;FRANCISCO MACENA DA SILVA;SEPROC;006.202/2021-7;24/10/2023;
Ofício 052.565/2023;ASSESSORIA ESPECIAL DE CONTROLE INTERNO DO MINISTÉRIO DO TRABALHO E EMPREGO;CHEFE DA ASSESSORIA ESPECIAL DE CONTROLE INTERNO DO MINISTÉRIO DO TRABALHO E EMPREGO;SEPROC;006.202/2021-7;24/10/2023;
Ofício 052.927/2023;ASSESSORIA ESPECIAL DE CONTROLE INTERNO DO MINISTÉRIO DO TRABALHO E EMPREGO;CHEFE DA ASSESSORIA ESPECIAL DE CONTROLE INTERNO DO MINISTÉRIO DO TRABALHO E EMPREGO;SEPROC;019.104/2021-9;23/10/2023;
Ofício 052.115/2023;CONSELHO CURADOR DO FUNDO DE GARANTIA POR TEMPO DE SERVIÇO;PRESIDENTE;SEPROC;033.547/2023-8;18/10/2023;
Ofício 052.114/2023;FUNDO DE AMPARO AO TRABALHADOR;PRESIDENTE DO CONSELHO DELIBERATIVO DO FUNDO DE AMPARO AO TRABALHADOR;SEPROC;033.547/2023-8;18/10/2023;
Ofício 051.239/2023;ASSESSORIA ESPECIAL DE CONTROLE INTERNO DO MINISTÉRIO DO TRABALHO E EMPREGO;CHEFE DA ASSESSORIA ESPECIAL DE CONTROLE INTERNO DO MINISTÉRIO DO TRABALHO E EMPREGO;SEPROC;025.919/2020-2;18/10/2023;
Ofício 051.590/2023;SECRETARIA-EXECUTIVA DO MINISTÉRIO DO TRABALHO E EMPREGO;FRANCISCO MACENA DA SILVA;SEPROC;041.036/2021-2;18/10/2023;
Ofício 051.796/2023;SECRETARIA-EXECUTIVA DO MINISTÉRIO DO TRABALHO E EMPREGO;FRANCISCO MACENA DA SILVA;SEPROC;040.701/2018-2;18/10/2023;
Ofício 051.232/2023;SECRETARIA-EXECUTIVA DO MINISTÉRIO DO TRABALHO E EMPREGO;FRANCISCO MACENA DA SILVA;SEPROC;025.919/2020-2;18/10/2023;
Ofício 050.241/2023;SECRETARIA-EXECUTIVA DO MINISTÉRIO DO TRABALHO E EMPREGO;FRANCISCO MACENA DA SILVA;SEPROC;036.265/2021-7;17/10/2023;
Ofício 051.591/2023;ASSESSORIA ESPECIAL DE CONTROLE INTERNO DO MINISTÉRIO DO TRABALHO E EMPREGO;CHEFE DA ASSESSORIA ESPECIAL DE CONTROLE INTERNO DO MINISTÉRIO DO TRABALHO E EMPREGO;SEPROC;041.036/2021-2;16/10/2023;
Ofício 049.565/2023;SECRETARIA-EXECUTIVA DO MINISTÉRIO DO TRABALHO E EMPREGO;FRANCISCO MACENA DA SILVA;SEPROC;024.249/2016-5;10/10/2023;
Ofício 049.566/2023;ASSESSORIA ESPECIAL DE CONTROLE INTERNO DO MINISTÉRIO DO TRABALHO E EMPREGO;CHEFE DA ASSESSORIA ESPECIAL DE CONTROLE INTERNO DO MINISTÉRIO DO TRABALHO E EMPREGO;SEPROC;024.249/2016-5;09/10/2023;
Ofício 050.048/2023;SECRETARIA-EXECUTIVA DO MINISTÉRIO DO TRABALHO E EMPREGO;FRANCISCO MACENA DA SILVA;SEPROC;019.640/2011-0;06/10/2023;
Ofício 050.199/2023;SECRETARIA-EXECUTIVA DO MINISTÉRIO DO TRABALHO E EMPREGO;FRANCISCO MACENA DA SILVA;SEPROC;022.240/2023-3;06/10/2023;06/02/2024
Ofício 048.759/2023;SECRETARIA-EXECUTIVA DO MINISTÉRIO DO TRABALHO E EMPREGO;FRANCISCO MACENA DA SILVA;SEPROC;046.887/2020-2;06/10/2023;
Ofício 049.831/2023;CONSELHO CURADOR DO FUNDO DE GARANTIA POR TEMPO DE SERVIÇO;PRESIDENTE;SEPROC;033.547/2023-8;04/10/2023;
Ofício 049.830/2023;FUNDO DE AMPARO AO TRABALHADOR;PRESIDENTE DO CONSELHO DELIBERATIVO DO FUNDO DE AMPARO AO TRABALHADOR;SEPROC;033.547/2023-8;04/10/2023;
Ofício 050.050/2023;ASSESSORIA ESPECIAL DE CONTROLE INTERNO DO MINISTÉRIO DO TRABALHO E EMPREGO;CHEFE DA ASSESSORIA ESPECIAL DE CONTROLE INTERNO DO MINISTÉRIO DO TRABALHO E EMPREGO;SEPROC;019.640/2011-0;03/10/2023;
Ofício 049.666/2023;SECRETARIA-EXECUTIVA DO MINISTÉRIO DO TRABALHO E EMPREGO;FRANCISCO MACENA DA SILVA;SEPROC;011.388/2002-0;02/10/2023;17/10/2023
Ofício 048.795/2023;SECRETARIA-EXECUTIVA DO MINISTÉRIO DO TRABALHO E EMPREGO;FRANCISCO MACENA DA SILVA;SEPROC;000.050/2020-2;29/09/2023;18/10/2023
Ofício 047.509/2023;SECRETARIA-EXECUTIVA DO MINISTÉRIO DO TRABALHO E EMPREGO;FRANCISCO MACENA DA SILVA;SEPROC;022.166/2016-5;28/09/2023;
Ofício 047.293/2023;SECRETARIA-EXECUTIVA DO MINISTÉRIO DO TRABALHO E EMPREGO;FRANCISCO MACENA DA SILVA;SEPROC;029.013/2015-1;26/09/2023;
Ofício 047.004/2023;SECRETARIA-EXECUTIVA DO MINISTÉRIO DO TRABALHO E EMPREGO;FRANCISCO MACENA DA SILVA;SEPROC;007.597/2018-5;26/09/2023;
Ofício 047.294/2023;SUPERINTENDÊNCIA REGIONAL DO TRABALHO NO ESTADO DE SÃO PAULO;SUPERINTENDENTE REGIONAL DO TRABALHO NO ESTADO DE SÃO PAULO;SEPROC;029.013/2015-1;24/09/2023;
Ofício 046.271/2023;SECRETARIA-EXECUTIVA DO MINISTÉRIO DO TRABALHO E EMPREGO;FRANCISCO MACENA DA SILVA;SEPROC;025.478/2013-3;20/09/2023;
Ofício 045.007/2023;ASSESSORIA ESPECIAL DE CONTROLE INTERNO DO MINISTÉRIO DO TRABALHO E EMPREGO;CHEFE DA ASSESSORIA ESPECIAL DE CONTROLE INTERNO DO MINISTÉRIO DO TRABALHO E EMPREGO;SEPROC;029.154/2019-7;14/09/2023;
Ofício 045.006/2023;SECRETARIA-EXECUTIVA DO MINISTÉRIO DO TRABALHO E EMPREGO;FRANCISCO MACENA DA SILVA;SEPROC;029.154/2019-7;13/09/2023;
Ofício 043.879/2023;SECRETARIA-EXECUTIVA DO MINISTÉRIO DO TRABALHO E EMPREGO;FRANCISCO MACENA DA SILVA;SEPROC;038.587/2021-1;12/09/2023;
Ofício 043.404/2023;SECRETARIA-EXECUTIVA DO MINISTÉRIO DO TRABALHO E EMPREGO;FRANCISCO MACENA DA SILVA;SEPROC;040.711/2018-8;12/09/2023;
Ofício 043.904/2023;SECRETARIA-EXECUTIVA DO MINISTÉRIO DO TRABALHO E EMPREGO;FRANCISCO MACENA DA SILVA;SEPROC;036.882/2018-6;11/09/2023;
Ofício 043.403/2023;ASSESSORIA ESPECIAL DE CONTROLE INTERNO DO MINISTÉRIO DO TRABALHO E EMPREGO;CHEFE DA ASSESSORIA ESPECIAL DE CONTROLE INTERNO DO MINISTÉRIO DO TRABALHO E EMPREGO;SEPROC;040.711/2018-8;08/09/2023;
Ofício 043.905/2023;ASSESSORIA ESPECIAL DE CONTROLE INTERNO DO MINISTÉRIO DO TRABALHO E EMPREGO;CHEFE DA ASSESSORIA ESPECIAL DE CONTROLE INTERNO DO MINISTÉRIO DO TRABALHO E EMPREGO;SEPROC;036.882/2018-6;06/09/2023;
Ofício 042.486/2023;SECRETARIA-EXECUTIVA DO MINISTÉRIO DO TRABALHO E EMPREGO;FRANCISCO MACENA DA SILVA;SEPROC;011.761/2014-8;04/09/2023;
Ofício 036.704/2023;SECRETARIA-EXECUTIVA DO MINISTÉRIO DO TRABALHO E EMPREGO;FRANCISCO MACENA DA SILVA;SEPROC;000.050/2020-2;01/09/2023;
Ofício 042.485/2023;ASSESSORIA ESPECIAL DE CONTROLE INTERNO DO MINISTÉRIO DO TRABALHO E EMPREGO;CHEFE DA ASSESSORIA ESPECIAL DE CONTROLE INTERNO DO MINISTÉRIO DO TRABALHO E EMPREGO;SEPROC;011.761/2014-8;01/09/2023;
Ofício 036.705/2023;ASSESSORIA ESPECIAL DE CONTROLE INTERNO DO MINISTÉRIO DO TRABALHO E EMPREGO;CHEFE DA ASSESSORIA ESPECIAL DE CONTROLE INTERNO DO MINISTÉRIO DO TRABALHO E EMPREGO;SEPROC;000.050/2020-2;01/09/2023;
Ofício 042.027/2023;SECRETARIA-EXECUTIVA DO MINISTÉRIO DO TRABALHO E EMPREGO;FRANCISCO MACENA DA SILVA;SEPROC;016.025/2022-9;01/09/2023;
Ofício 042.468/2023;ASSESSORIA ESPECIAL DE CONTROLE INTERNO DO MINISTÉRIO DO TRABALHO E EMPREGO;CHEFE DA ASSESSORIA ESPECIAL DE CONTROLE INTERNO DO MINISTÉRIO DO TRABALHO E EMPREGO;SEPROC;010.349/2003-6;01/09/2023;
Ofício 042.620/2023;SECRETARIA-EXECUTIVA DO MINISTÉRIO DO TRABALHO E EMPREGO;FRANCISCO MACENA DA SILVA;SEPROC;020.810/2023-7;01/09/2023;15/09/2023
Ofício 042.028/2023;ASSESSORIA ESPECIAL DE CONTROLE INTERNO DO MINISTÉRIO DO TRABALHO E EMPREGO;CHEFE DA ASSESSORIA ESPECIAL DE CONTROLE INTERNO DO MINISTÉRIO DO TRABALHO E EMPREGO;SEPROC;016.025/2022-9;31/08/2023;
Ofício 031.262/2023;SECRETARIA-EXECUTIVA DO MINISTÉRIO DO TRABALHO E EMPREGO;FRANCISCO MACENA DA SILVA;SEPROC;021.209/2017-0;30/08/2023;
Ofício 042.235/2023;SECRETARIA-EXECUTIVA DO MINISTÉRIO DO TRABALHO E EMPREGO;FRANCISCO MACENA DA SILVA;SEPROC;004.982/2014-2;30/08/2023;
Ofício 030.885/2023;SECRETARIA-EXECUTIVA DO MINISTÉRIO DO TRABALHO E EMPREGO;FRANCISCO MACENA DA SILVA;SEPROC;024.291/2020-0;28/08/2023;
Ofício 030.886/2023;ASSESSORIA ESPECIAL DE CONTROLE INTERNO DO MINISTÉRIO DO TRABALHO E EMPREGO;CHEFE DA ASSESSORIA ESPECIAL DE CONTROLE INTERNO DO MINISTÉRIO DO TRABALHO E EMPREGO;SEPROC;024.291/2020-0;28/08/2023;
Ofício 041.496/2023;SECRETARIA-EXECUTIVA DO MINISTÉRIO DO TRABALHO E EMPREGO;FRANCISCO MACENA DA SILVA;SEPROC;032.168/2023-3;28/08/2023;30/08/2023
Ofício 035.191/2023;ASSESSORIA ESPECIAL DE CONTROLE INTERNO DO MINISTÉRIO DO TRABALHO E EMPREGO;CHEFE DA ASSESSORIA ESPECIAL DE CONTROLE INTERNO DO MINISTÉRIO DO TRABALHO E EMPREGO;SEPROC;004.982/2014-2;28/08/2023;
Ofício 025.150/2023;SECRETARIA-EXECUTIVA DO MINISTÉRIO DO TRABALHO E EMPREGO;FRANCISCO MACENA DA SILVA;SEPROC;006.200/2021-4;25/08/2023;
Ofício 039.320/2023;SECRETARIA-EXECUTIVA DO MINISTÉRIO DO TRABALHO E EMPREGO;FRANCISCO MACENA DA SILVA;SEPROC;027.360/2012-1;24/08/2023;
Ofício 040.025/2023;SECRETARIA-EXECUTIVA DO MINISTÉRIO DO TRABALHO E EMPREGO;FRANCISCO MACENA DA SILVA;SEPROC;040.311/2019-8;24/08/2023;
Ofício 038.577/2023;SECRETARIA-EXECUTIVA DO MINISTÉRIO DO TRABALHO E EMPREGO;FRANCISCO MACENA DA SILVA;SEPROC;045.320/2021-7;24/08/2023;
Ofício 039.633/2023;SECRETARIA-EXECUTIVA DO MINISTÉRIO DO TRABALHO E EMPREGO;FRANCISCO MACENA DA SILVA;SEPROC;006.385/2019-2;24/08/2023;
Ofício 039.618/2023;SECRETARIA-EXECUTIVA DO MINISTÉRIO DO TRABALHO E EMPREGO;FRANCISCO MACENA DA SILVA;SEPROC;014.113/2022-8;24/08/2023;16/04/2024
Ofício 036.682/2023;SECRETARIA-EXECUTIVA DO MINISTÉRIO DO TRABALHO E EMPREGO;FRANCISCO MACENA DA SILVA;SEPROC;009.029/2022-2;17/08/2023;
Ofício 036.684/2023;ASSESSORIA ESPECIAL DE CONTROLE INTERNO DO MINISTÉRIO DO TRABALHO E EMPREGO;CHEFE DA ASSESSORIA ESPECIAL DE CONTROLE INTERNO DO MINISTÉRIO DO TRABALHO E EMPREGO;SEPROC;009.029/2022-2;16/08/2023;
Ofício 036.654/2023;SECRETARIA-EXECUTIVA DO MINISTÉRIO DO TRABALHO E EMPREGO;FRANCISCO MACENA DA SILVA;SEPROC;008.438/2022-6;16/08/2023;
Ofício 036.655/2023;ASSESSORIA ESPECIAL DE CONTROLE INTERNO DO MINISTÉRIO DO TRABALHO E EMPREGO;CHEFE DA ASSESSORIA ESPECIAL DE CONTROLE INTERNO DO MINISTÉRIO DO TRABALHO E EMPREGO;SEPROC;008.438/2022-6;15/08/2023;
Ofício 028.315/2023;SECRETARIA-EXECUTIVA DO MINISTÉRIO DO TRABALHO E EMPREGO;FRANCISCO MACENA DA SILVA;SEPROC;046.887/2020-2;15/08/2023;
Ofício 028.316/2023;ASSESSORIA ESPECIAL DE CONTROLE INTERNO DO MINISTÉRIO DO TRABALHO E EMPREGO;CHEFE DA ASSESSORIA ESPECIAL DE CONTROLE INTERNO DO MINISTÉRIO DO TRABALHO E EMPREGO;SEPROC;046.887/2020-2;11/08/2023;
Ofício 037.508/2023;SECRETARIA-EXECUTIVA DO MINISTÉRIO DO TRABALHO E EMPREGO;FRANCISCO MACENA DA SILVA;SEPROC;001.987/2022-4;10/08/2023;
Ofício 037.506/2023;ASSESSORIA ESPECIAL DE CONTROLE INTERNO DO MINISTÉRIO DO TRABALHO E EMPREGO;CHEFE DA ASSESSORIA ESPECIAL DE CONTROLE INTERNO DO MINISTÉRIO DO TRABALHO E EMPREGO;SEPROC;001.987/2022-4;08/08/2023;
Ofício 035.846/2023;SECRETARIA-EXECUTIVA DO MINISTÉRIO DO TRABALHO E EMPREGO;FRANCISCO MACENA DA SILVA;SEPROC;044.842/2021-0;04/08/2023;
Ofício 034.329/2023;SECRETARIA-EXECUTIVA DO MINISTÉRIO DO TRABALHO E EMPREGO;FRANCISCO MACENA DA SILVA;SEPROC;013.978/2014-4;02/08/2023;
Ofício 032.914/2023;ASSESSORIA ESPECIAL DE CONTROLE INTERNO DO MINISTÉRIO DO TRABALHO E EMPREGO;CHEFE DA ASSESSORIA ESPECIAL DE CONTROLE INTERNO DO MINISTÉRIO DO TRABALHO E EMPREGO;SEPROC;011.439/2022-0;02/08/2023;
Ofício 034.971/2023;SECRETARIA-EXECUTIVA DO MINISTÉRIO DO TRABALHO E EMPREGO;FRANCISCO MACENA DA SILVA;SEPROC;041.106/2018-0;01/08/2023;
Ofício 034.278/2023;SECRETARIA-EXECUTIVA DO MINISTÉRIO DO TRABALHO E EMPREGO;FRANCISCO MACENA DA SILVA;SEPROC;037.182/2018-8;31/07/2023;
Ofício 034.652/2023;SECRETARIA-EXECUTIVA DO MINISTÉRIO DO TRABALHO E EMPREGO;FRANCISCO MACENA DA SILVA;SEPROC;028.998/2020-0;28/07/2023;
Ofício 034.970/2023;ASSESSORIA ESPECIAL DE CONTROLE INTERNO DO MINISTÉRIO DO TRABALHO E EMPREGO;CHEFE DA ASSESSORIA ESPECIAL DE CONTROLE INTERNO DO MINISTÉRIO DO TRABALHO E EMPREGO;SEPROC;041.106/2018-0;27/07/2023;
Ofício 033.967/2023;SECRETARIA-EXECUTIVA DO MINISTÉRIO DO TRABALHO E EMPREGO;FRANCISCO MACENA DA SILVA;SEPROC;001.040/2017-0;27/07/2023;
Ofício 034.279/2023;ASSESSORIA ESPECIAL DE CONTROLE INTERNO DO MINISTÉRIO DO TRABALHO E EMPREGO;CHEFE DA ASSESSORIA ESPECIAL DE CONTROLE INTERNO DO MINISTÉRIO DO TRABALHO E EMPREGO;SEPROC;037.182/2018-8;27/07/2023;
Ofício 027.015/2023;ASSESSORIA ESPECIAL DE CONTROLE INTERNO DO MINISTÉRIO DO TRABALHO E EMPREGO;CHEFE DA ASSESSORIA ESPECIAL DE CONTROLE INTERNO DO MINISTÉRIO DO TRABALHO E EMPREGO;SEPROC;028.998/2020-0;26/07/2023;
Ofício 033.799/2023;SECRETARIA-EXECUTIVA DO MINISTÉRIO DO TRABALHO E EMPREGO;FRANCISCO MACENA DA SILVA;SEPROC;022.171/2016-9;21/07/2023;
Ofício 033.316/2023;SECRETARIA-EXECUTIVA DO MINISTÉRIO DO TRABALHO E EMPREGO;FRANCISCO MACENA DA SILVA;SEPROC;031.690/2022-0;20/07/2023;
Ofício 032.022/2023;SECRETARIA-EXECUTIVA DO MINISTÉRIO DO TRABALHO E EMPREGO;FRANCISCO MACENA DA SILVA;SEPROC;004.941/2018-7;20/07/2023;
Ofício 033.376/2023;SECRETARIA-EXECUTIVA DO MINISTÉRIO DO TRABALHO E EMPREGO;FRANCISCO MACENA DA SILVA;SEPROC;019.041/2013-6;20/07/2023;
Ofício 033.440/2023;ASSESSORIA ESPECIAL DE CONTROLE INTERNO DO MINISTÉRIO DO TRABALHO E EMPREGO;CHEFE DA ASSESSORIA ESPECIAL DE CONTROLE INTERNO DO MINISTÉRIO DO TRABALHO E EMPREGO;SEPROC;039.883/2021-3;20/07/2023;
Ofício 033.318/2023;FUNDO DE AMPARO AO TRABALHADOR;PRESIDENTE DO CONSELHO DELIBERATIVO DO FUNDO DE AMPARO AO TRABALHADOR;SEPROC;031.690/2022-0;20/07/2023;
Ofício 024.289/2023;SECRETARIA-EXECUTIVA DO MINISTÉRIO DO TRABALHO E EMPREGO;FRANCISCO MACENA DA SILVA;SEPROC;007.269/2022-6;14/07/2023;03/10/2023
Ofício 032.057/2023;SECRETARIA-EXECUTIVA DO MINISTÉRIO DO TRABALHO E EMPREGO;FRANCISCO MACENA DA SILVA;SEPROC;039.288/2020-0;13/07/2023;
Ofício 024.951/2023;ASSESSORIA ESPECIAL DE CONTROLE INTERNO DO MINISTÉRIO DO TRABALHO E EMPREGO;CHEFE DA ASSESSORIA ESPECIAL DE CONTROLE INTERNO DO MINISTÉRIO DO TRABALHO E EMPREGO;SEPROC;039.288/2020-0;12/07/2023;
Ofício 030.422/2023;SECRETARIA-EXECUTIVA DO MINISTÉRIO DO TRABALHO E EMPREGO;FRANCISCO MACENA DA SILVA;SEPROC;037.279/2018-1;12/07/2023;
Ofício 029.245/2023;SECRETARIA-EXECUTIVA DO MINISTÉRIO DO TRABALHO E EMPREGO;FRANCISCO MACENA DA SILVA;SEPROC;043.945/2021-0;12/07/2023;
Ofício 030.423/2023;ASSESSORIA ESPECIAL DE CONTROLE INTERNO DO MINISTÉRIO DO TRABALHO E EMPREGO;CHEFE DA ASSESSORIA ESPECIAL DE CONTROLE INTERNO DO MINISTÉRIO DO TRABALHO E EMPREGO;SEPROC;037.279/2018-1;12/07/2023;
Ofício 029.019/2023;FUNDO DE AMPARO AO TRABALHADOR;PRESIDENTE DO CONSELHO DELIBERATIVO DO FUNDO DE AMPARO AO TRABALHADOR;SEPROC;043.945/2021-0;11/07/2023;
Ofício 031.261/2023;ASSESSORIA ESPECIAL DE CONTROLE INTERNO DO MINISTÉRIO DO TRABALHO E EMPREGO;CHEFE DA ASSESSORIA ESPECIAL DE CONTROLE INTERNO DO MINISTÉRIO DO TRABALHO E EMPREGO;SEPROC;021.209/2017-0;11/07/2023;
Ofício 030.807/2023;SECRETARIA-EXECUTIVA DO MINISTÉRIO DO TRABALHO E EMPREGO;FRANCISCO MACENA DA SILVA;SEPROC;042.082/2021-8;10/07/2023;
Ofício 029.997/2023;SECRETARIA-EXECUTIVA DO MINISTÉRIO DO TRABALHO E EMPREGO;FRANCISCO MACENA DA SILVA;SEPROC;017.868/2020-3;10/07/2023;
Ofício 029.996/2023;COORDENAÇÃO-GERAL DO FUNDO DE AMPARO AO TRABALHADOR;COORDENADOR(A)-GERAL DE RECURSOS DO FUNDO DE AMPARO AO TRABALHADOR;SEPROC;017.868/2020-3;10/07/2023;
Ofício 031.047/2023;FUNDO DE AMPARO AO TRABALHADOR;PRESIDENTE DO CONSELHO DELIBERATIVO DO FUNDO DE AMPARO AO TRABALHADOR;SEPROC;004.982/2014-2;07/07/2023;
Ofício 030.954/2023;SECRETARIA-EXECUTIVA DO MINISTÉRIO DO TRABALHO E EMPREGO;FRANCISCO MACENA DA SILVA;SEPROC;014.483/2015-7;07/07/2023;
Ofício 030.365/2023;ASSESSORIA ESPECIAL DE CONTROLE INTERNO DO MINISTÉRIO DO TRABALHO E EMPREGO;CHEFE DA ASSESSORIA ESPECIAL DE CONTROLE INTERNO DO MINISTÉRIO DO TRABALHO E EMPREGO;SEPROC;028.581/2017-2;07/07/2023;
Ofício 030.364/2023;SUPERINTENDÊNCIA REGIONAL DO TRABALHO NO ESTADO DO RIO DE JANEIRO;SUPERINTENDENTE REGIONAL DO TRABALHO NO ESTADO DO RIO DE JANEIRO;SEPROC;028.581/2017-2;07/07/2023;
Ofício 030.797/2023;SECRETARIA-EXECUTIVA DO MINISTÉRIO DO TRABALHO E EMPREGO;FRANCISCO MACENA DA SILVA;SEPROC;020.810/2023-7;07/07/2023;
Ofício 030.524/2023;SECRETARIA-EXECUTIVA DO MINISTÉRIO DO TRABALHO E EMPREGO;FRANCISCO MACENA DA SILVA;SEPROC;020.810/2023-7;06/07/2023;
Ofício 029.893/2023;FUNDO DE AMPARO AO TRABALHADOR;PRESIDENTE DO CONSELHO DELIBERATIVO DO FUNDO DE AMPARO AO TRABALHADOR;SEPROC;010.424/2016-4;03/07/2023;
Ofício 028.848/2023;SECRETARIA-EXECUTIVA DO MINISTÉRIO DO TRABALHO E EMPREGO;FRANCISCO MACENA DA SILVA;SEPROC;023.669/2016-0;30/06/2023;
Ofício 000.320/2023;Identidade preservada;CLAUDIO ANTONIO DE ALMEIDA PY;AUDPESSOAL;019.347/2023-5;29/06/2023;14/07/2023
Ofício 027.827/2023;SECRETARIA-EXECUTIVA DO MINISTÉRIO DO TRABALHO E EMPREGO;FRANCISCO MACENA DA SILVA;SEPROC;033.653/2020-8;28/06/2023;
Ofício 026.400/2023;SECRETARIA-EXECUTIVA DO MINISTÉRIO DO TRABALHO E EMPREGO;FRANCISCO MACENA DA SILVA;SEPROC;003.581/2022-5;27/06/2023;
Ofício 027.442/2023;SECRETARIA-EXECUTIVA DO MINISTÉRIO DO TRABALHO E EMPREGO;FRANCISCO MACENA DA SILVA;SEPROC;011.439/2022-0;27/06/2023;
Ofício 026.911/2023;ASSESSORIA ESPECIAL DE CONTROLE INTERNO DO MINISTÉRIO DO TRABALHO E EMPREGO;CHEFE DA ASSESSORIA ESPECIAL DE CONTROLE INTERNO DO MINISTÉRIO DO TRABALHO E EMPREGO;SEPROC;025.333/2020-8;27/06/2023;
Ofício 022.280/2023;SECRETARIA-EXECUTIVA DO MINISTÉRIO DO TRABALHO E EMPREGO;FRANCISCO MACENA DA SILVA;SEPROC;041.106/2018-0;27/06/2023;
Ofício 021.912/2023;SECRETARIA-EXECUTIVA DO MINISTÉRIO DO TRABALHO E EMPREGO;FRANCISCO MACENA DA SILVA;SEPROC;005.417/2018-0;27/06/2023;
Ofício 023.160/2023;SECRETARIA-EXECUTIVA DO MINISTÉRIO DO TRABALHO E EMPREGO;FRANCISCO MACENA DA SILVA;SEPROC;011.436/2022-0;26/06/2023;
Ofício 027.825/2023;FUNDO DE AMPARO AO TRABALHADOR;PRESIDENTE DO CONSELHO DELIBERATIVO DO FUNDO DE AMPARO AO TRABALHADOR;SEPROC;033.653/2020-8;26/06/2023;
Ofício 025.351/2023;SECRETARIA-EXECUTIVA DO MINISTÉRIO DO TRABALHO E EMPREGO;FRANCISCO MACENA DA SILVA;SEPROC;006.455/2021-2;26/06/2023;
Ofício 026.401/2023;ASSESSORIA ESPECIAL DE CONTROLE INTERNO DO MINISTÉRIO DO TRABALHO E EMPREGO;CHEFE DA ASSESSORIA ESPECIAL DE CONTROLE INTERNO DO MINISTÉRIO DO TRABALHO E EMPREGO;SEPROC;003.581/2022-5;23/06/2023;
Ofício 025.352/2023;ASSESSORIA ESPECIAL DE CONTROLE INTERNO DO MINISTÉRIO DO TRABALHO E EMPREGO;CHEFE DA ASSESSORIA ESPECIAL DE CONTROLE INTERNO DO MINISTÉRIO DO TRABALHO E EMPREGO;SEPROC;006.455/2021-2;22/06/2023;
Ofício 023.161/2023;ASSESSORIA ESPECIAL DE CONTROLE INTERNO DO MINISTÉRIO DO TRABALHO E EMPREGO;CHEFE DA ASSESSORIA ESPECIAL DE CONTROLE INTERNO DO MINISTÉRIO DO TRABALHO E EMPREGO;SEPROC;011.436/2022-0;21/06/2023;
Ofício 021.913/2023;ASSESSORIA ESPECIAL DE CONTROLE INTERNO DO MINISTÉRIO DO TRABALHO E EMPREGO;CHEFE DA ASSESSORIA ESPECIAL DE CONTROLE INTERNO DO MINISTÉRIO DO TRABALHO E EMPREGO;SEPROC;005.417/2018-0;21/06/2023;
Ofício 022.281/2023;ASSESSORIA ESPECIAL DE CONTROLE INTERNO DO MINISTÉRIO DO TRABALHO E EMPREGO;CHEFE DA ASSESSORIA ESPECIAL DE CONTROLE INTERNO DO MINISTÉRIO DO TRABALHO E EMPREGO;SEPROC;041.106/2018-0;21/06/2023;
Ofício 027.119/2023;SECRETARIA DE QUALIFICAÇÃO E FOMENTO À GERAÇÃO DE EMPREGO E RENDA;SECRETÁRIO(A) DE QUALIFICAÇÃO E FOMENTO À GERAÇÃO DE EMPREGO E RENDA DO MINISTÉRIO DO TRABALHO E EMP;SEPROC;009.637/2023-0;20/06/2023;04/07/2023
Ofício 026.320/2023;SECRETARIA-EXECUTIVA DO MINISTÉRIO DO TRABALHO E EMPREGO;FRANCISCO MACENA DA SILVA;SEPROC;000.154/2021-0;19/06/2023;
Ofício 022.217/2023;SECRETARIA-EXECUTIVA DO MINISTÉRIO DO TRABALHO E EMPREGO;FRANCISCO MACENA DA SILVA;SEPROC;000.050/2020-2;16/06/2023;
Ofício 024.219/2023;SECRETARIA-EXECUTIVA DO MINISTÉRIO DO TRABALHO E EMPREGO;FRANCISCO MACENA DA SILVA;SEPROC;023.811/2016-1;16/06/2023;
Ofício 020.395/2023;SECRETARIA-EXECUTIVA DO MINISTÉRIO DO TRABALHO E EMPREGO;FRANCISCO MACENA DA SILVA;SEPROC;036.207/2021-7;15/06/2023;
Ofício 024.356/2023;SECRETARIA-EXECUTIVA DO MINISTÉRIO DO TRABALHO E EMPREGO;FRANCISCO MACENA DA SILVA;SEPROC;041.324/2021-8;15/06/2023;
Ofício 020.398/2023;ASSESSORIA ESPECIAL DE CONTROLE INTERNO DO MINISTÉRIO DO TRABALHO E EMPREGO;CHEFE DA ASSESSORIA ESPECIAL DE CONTROLE INTERNO DO MINISTÉRIO DO TRABALHO E EMPREGO;SEPROC;036.207/2021-7;14/06/2023;
Ofício 025.437/2023;SECRETARIA DE PROTEÇÃO AO TRABALHADOR;SECRETÁRIO(A) DE PROTEÇÃO AO TRABALHO DO MINISTÉRIO DO TRABALHO E EMPREGO;SEPROC;014.693/2023-2;13/06/2023;
Ofício 023.048/2023;SECRETARIA-EXECUTIVA DO MINISTÉRIO DO TRABALHO E EMPREGO;FRANCISCO MACENA DA SILVA;SEPROC;005.215/2023-4;12/06/2023;
Ofício 022.218/2023;ASSESSORIA ESPECIAL DE CONTROLE INTERNO DO MINISTÉRIO DO TRABALHO E EMPREGO;CHEFE DA ASSESSORIA ESPECIAL DE CONTROLE INTERNO DO MINISTÉRIO DO TRABALHO E EMPREGO;SEPROC;000.050/2020-2;12/06/2023;
Ofício 024.355/2023;ASSESSORIA ESPECIAL DE CONTROLE INTERNO DO MINISTÉRIO DO TRABALHO E EMPREGO;CHEFE DA ASSESSORIA ESPECIAL DE CONTROLE INTERNO DO MINISTÉRIO DO TRABALHO E EMPREGO;SEPROC;041.324/2021-8;06/06/2023;
Ofício 023.411/2023;ASSESSORIA ESPECIAL DE CONTROLE INTERNO DO MINISTÉRIO DO TRABALHO E EMPREGO;CHEFE DA ASSESSORIA ESPECIAL DE CONTROLE INTERNO DO MINISTÉRIO DO TRABALHO E EMPREGO;SEPROC;025.478/2013-3;26/05/2023;
Ofício 017.755/2023;SECRETARIA-EXECUTIVA DO MINISTÉRIO DO TRABALHO E EMPREGO;FRANCISCO MACENA DA SILVA;SEPROC;041.010/2018-3;26/05/2023;
Ofício 022.488/2023;SECRETARIA-EXECUTIVA DO MINISTÉRIO DO TRABALHO E EMPREGO;FRANCISCO MACENA DA SILVA;SEPROC;047.073/2020-9;26/05/2023;
Ofício 017.757/2023;ASSESSORIA ESPECIAL DE CONTROLE INTERNO DO MINISTÉRIO DO TRABALHO E EMPREGO;CHEFE DA ASSESSORIA ESPECIAL DE CONTROLE INTERNO DO MINISTÉRIO DO TRABALHO E EMPREGO;SEPROC;041.010/2018-3;26/05/2023;
Ofício 022.487/2023;ASSESSORIA ESPECIAL DE CONTROLE INTERNO DO MINISTÉRIO DO TRABALHO E EMPREGO;CHEFE DA ASSESSORIA ESPECIAL DE CONTROLE INTERNO DO MINISTÉRIO DO TRABALHO E EMPREGO;SEPROC;047.073/2020-9;26/05/2023;
Ofício 021.207/2023;SECRETARIA-EXECUTIVA DO MINISTÉRIO DO TRABALHO E EMPREGO;FRANCISCO MACENA DA SILVA;SEPROC;008.445/2022-2;23/05/2023;
Ofício 015.643/2023;ASSESSORIA ESPECIAL DE CONTROLE INTERNO DO MINISTÉRIO DO TRABALHO E EMPREGO;CHEFE DA ASSESSORIA ESPECIAL DE CONTROLE INTERNO DO MINISTÉRIO DO TRABALHO E EMPREGO;SEPROC;006.200/2021-4;22/05/2023;
Ofício 021.972/2023;SECRETARIA-EXECUTIVA DO MINISTÉRIO DO TRABALHO E EMPREGO;FRANCISCO MACENA DA SILVA;SEPROC;037.646/2021-4;19/05/2023;
Ofício 021.971/2023;ASSESSORIA ESPECIAL DE CONTROLE INTERNO DO MINISTÉRIO DO TRABALHO E EMPREGO;CHEFE DA ASSESSORIA ESPECIAL DE CONTROLE INTERNO DO MINISTÉRIO DO TRABALHO E EMPREGO;SEPROC;037.646/2021-4;18/05/2023;
Ofício 021.160/2023;SECRETARIA-EXECUTIVA DO MINISTÉRIO DO TRABALHO E EMPREGO;FRANCISCO MACENA DA SILVA;SEPROC;011.185/2015-5;16/05/2023;
Ofício 018.277/2023;SECRETARIA-EXECUTIVA DO MINISTÉRIO DO TRABALHO E EMPREGO;FRANCISCO MACENA DA SILVA;SEPROC;024.291/2020-0;16/05/2023;
Ofício 020.839/2023;SECRETARIA-EXECUTIVA DO MINISTÉRIO DO TRABALHO E EMPREGO;FRANCISCO MACENA DA SILVA;SEPROC;038.308/2021-5;15/05/2023;
Ofício 020.343/2023;SECRETARIA-EXECUTIVA DO MINISTÉRIO DO TRABALHO E EMPREGO;FRANCISCO MACENA DA SILVA;SEPROC;031.835/2018-0;15/05/2023;
Ofício 020.368/2023;SECRETARIA-EXECUTIVA DO MINISTÉRIO DO TRABALHO E EMPREGO;FRANCISCO MACENA DA SILVA;SEPROC;000.776/2017-3;15/05/2023;
Ofício 018.276/2023;ASSESSORIA ESPECIAL DE CONTROLE INTERNO DO MINISTÉRIO DO TRABALHO E EMPREGO;CHEFE DA ASSESSORIA ESPECIAL DE CONTROLE INTERNO DO MINISTÉRIO DO TRABALHO E EMPREGO;SEPROC;024.291/2020-0;15/05/2023;
Ofício 015.748/2023;ASSESSORIA ESPECIAL DE CONTROLE INTERNO DO MINISTÉRIO DO TRABALHO E EMPREGO;CHEFE DA ASSESSORIA ESPECIAL DE CONTROLE INTERNO DO MINISTÉRIO DO TRABALHO E EMPREGO;SEPROC;038.308/2021-5;12/05/2023;
Ofício 013.789/2023;ASSESSORIA ESPECIAL DE CONTROLE INTERNO DO MINISTÉRIO DO TRABALHO E EMPREGO;CHEFE DA ASSESSORIA ESPECIAL DE CONTROLE INTERNO DO MINISTÉRIO DO TRABALHO E EMPREGO;SEPROC;031.835/2018-0;11/05/2023;
Ofício 013.081/2023;ASSESSORIA ESPECIAL DE CONTROLE INTERNO DO MINISTÉRIO DO TRABALHO E EMPREGO;CHEFE DA ASSESSORIA ESPECIAL DE CONTROLE INTERNO DO MINISTÉRIO DO TRABALHO E EMPREGO;SEPROC;001.593/2022-6;08/05/2023;
Ofício 019.019/2023;ASSESSORIA ESPECIAL DE CONTROLE INTERNO DO MINISTÉRIO DO TRABALHO E EMPREGO;CHEFE DA ASSESSORIA ESPECIAL DE CONTROLE INTERNO DO MINISTÉRIO DO TRABALHO E EMPREGO;SEPROC;023.116/2018-8;03/05/2023;
Ofício 018.717/2023;SECRETARIA-EXECUTIVA DO MINISTÉRIO DO TRABALHO E EMPREGO;FRANCISCO MACENA DA SILVA;SEPROC;014.113/2022-8;02/05/2023;19/05/2023
Ofício 009.636/2023;SECRETARIA-EXECUTIVA DO MINISTÉRIO DO TRABALHO E EMPREGO;FRANCISCO MACENA DA SILVA;SEPROC;046.890/2020-3;28/04/2023;
Ofício 015.346/2023;SECRETARIA-EXECUTIVA DO MINISTÉRIO DO TRABALHO E EMPREGO;FRANCISCO MACENA DA SILVA;SEPROC;000.928/2023-2;26/04/2023;
Ofício 017.177/2023;SECRETARIA-EXECUTIVA DO MINISTÉRIO DO TRABALHO E EMPREGO;FRANCISCO MACENA DA SILVA;SEPROC;046.928/2020-0;26/04/2023;
Ofício 016.864/2023;SECRETARIA-EXECUTIVA DO MINISTÉRIO DO TRABALHO E EMPREGO;FRANCISCO MACENA DA SILVA;SEPROC;034.869/2016-6;25/04/2023;
Ofício 015.477/2023;SUPERINTENDÊNCIA REGIONAL DO TRABALHO NO ESTADO DE ALAGOAS;SUPERINTENDENTE;SEPROC;039.764/2019-2;24/04/2023;
Ofício 015.782/2023;SECRETARIA-EXECUTIVA DO MINISTÉRIO DO TRABALHO E EMPREGO;FRANCISCO MACENA DA SILVA;SEPROC;021.503/2022-2;13/04/2023;
Ofício 013.803/2023;SECRETARIA DE POLÍTICAS PÚBLICAS DE EMPREGO (EXTINTO);SECRETÁRIO(A) DE POLÍTICAS PÚBLICAS DE EMPREGO DO MINISTÉRIO DA ECONOMIA - SPPE/ME;SEPROC;027.908/2020-8;12/04/2023;15/05/2023
Ofício 014.532/2023;SECRETARIA-EXECUTIVA DO MINISTÉRIO DO TRABALHO E EMPREGO;FRANCISCO MACENA DA SILVA;SEPROC;002.139/2023-5;11/04/2023;
Ofício 009.294/2023;SECRETARIA-EXECUTIVA DO MINISTÉRIO DO TRABALHO E EMPREGO;FRANCISCO MACENA DA SILVA;SEPROC;000.154/2021-0;03/04/2023;
Ofício 013.389/2023;SECRETARIA-EXECUTIVA DO MINISTÉRIO DO TRABALHO E EMPREGO;FRANCISCO MACENA DA SILVA;SEPROC;031.690/2022-0;30/03/2023;
Ofício 010.215/2023;SECRETARIA-EXECUTIVA DO MINISTÉRIO DO TRABALHO E EMPREGO;FRANCISCO MACENA DA SILVA;SEPROC;013.283/2020-0;29/03/2023;
Ofício 009.765/2023;SECRETARIA-EXECUTIVA DO MINISTÉRIO DO TRABALHO E EMPREGO;FRANCISCO MACENA DA SILVA;SEPROC;001.593/2022-6;28/03/2023;
Ofício 010.594/2023;ASSESSORIA ESPECIAL DE CONTROLE INTERNO DO MINISTÉRIO DO TRABALHO E EMPREGO;CHEFE DA ASSESSORIA ESPECIAL DE CONTROLE INTERNO DO MINISTÉRIO DO TRABALHO E EMPREGO;SEPROC;046.941/2020-7;28/03/2023;
Ofício 009.252/2023;SECRETARIA DE POLÍTICAS PÚBLICAS DE EMPREGO (EXTINTO);SECRETÁRIO(A) DE POLÍTICAS PÚBLICAS DE EMPREGO DO MINISTÉRIO DA ECONOMIA - SPPE/ME;SEPROC;005.414/2018-0;24/03/2023;
Ofício 011.317/2023;ASSESSORIA ESPECIAL DE CONTROLE INTERNO DO MINISTÉRIO DO TRABALHO E EMPREGO;CHEFE DA ASSESSORIA ESPECIAL DE CONTROLE INTERNO DO MINISTÉRIO DO TRABALHO E EMPREGO;SEPROC;023.669/2016-0;23/03/2023;
Ofício 009.330/2023;SECRETARIA DE POLÍTICAS PÚBLICAS DE EMPREGO (EXTINTO);SECRETÁRIO(A) DE POLÍTICAS PÚBLICAS DE EMPREGO DO MINISTÉRIO DA ECONOMIA - SPPE/ME;SEPROC;023.669/2016-0;21/03/2023;
Ofício 010.211/2023;ASSESSORIA ESPECIAL DE CONTROLE INTERNO DO MINISTÉRIO DO TRABALHO E EMPREGO;CHEFE DA ASSESSORIA ESPECIAL DE CONTROLE INTERNO DO MINISTÉRIO DO TRABALHO E EMPREGO;SEPROC;007.004/2012-5;21/03/2023;
Ofício 008.974/2023;SECRETARIA-EXECUTIVA DO MINISTÉRIO DO TRABALHO E EMPREGO;FRANCISCO MACENA DA SILVA;SEPROC;011.388/2002-0;20/03/2023;17/10/2023
Ofício 008.965/2023;SECRETARIA-EXECUTIVA DO MINISTÉRIO DO TRABALHO E EMPREGO;FRANCISCO MACENA DA SILVA;SEPROC;005.162/2021-1;20/03/2023;
Ofício 008.102/2023;SECRETARIA-EXECUTIVA DO MINISTÉRIO DO TRABALHO E EMPREGO;FRANCISCO MACENA DA SILVA;SEPROC;007.004/2012-5;16/03/2023;
Ofício 008.642/2023;ASSESSORIA ESPECIAL DE CONTROLE INTERNO DO MINISTÉRIO DO TRABALHO E EMPREGO;CHEFE DA ASSESSORIA ESPECIAL DE CONTROLE INTERNO DO MINISTÉRIO DO TRABALHO E EMPREGO;SEPROC;025.333/2020-8;14/03/2023;
Ofício 008.964/2023;ASSESSORIA ESPECIAL DE CONTROLE INTERNO DO MINISTÉRIO DO TRABALHO E EMPREGO;CHEFE DA ASSESSORIA ESPECIAL DE CONTROLE INTERNO DO MINISTÉRIO DO TRABALHO E EMPREGO;SEPROC;005.162/2021-1;14/03/2023;
Ofício 008.100/2023;SECRETARIA-EXECUTIVA DO MINISTÉRIO DO TRABALHO E EMPREGO;FRANCISCO MACENA DA SILVA;SEPROC;042.433/2021-5;08/03/2023;
Ofício 008.097/2023;SECRETARIA-EXECUTIVA DO MINISTÉRIO DO TRABALHO E EMPREGO;FRANCISCO MACENA DA SILVA;SEPROC;006.466/2022-2;08/03/2023;16/11/2023
Ofício 008.089/2023;SECRETARIA-EXECUTIVA DO MINISTÉRIO DO TRABALHO E EMPREGO;FRANCISCO MACENA DA SILVA;SEPROC;029.593/2020-4;08/03/2023;
Ofício 000.001/2023;SECRETARIA EXECUTIVA - MINISTÉRIO DO TRABALHO E PREVIDÊNCIA (EXTINTO);CHICO MACENA;AUDBENEFÍCIOS;002.139/2023-5;03/03/2023;
Ofício 005.021/2023;SECRETARIA EXECUTIVA - MINISTÉRIO DO TRABALHO E PREVIDÊNCIA (EXTINTO);FRANCISCO MACENA DA SILVA;SEPROC;045.095/2021-3;02/03/2023;
Ofício 005.429/2023;SECRETARIA EXECUTIVA - MINISTÉRIO DO TRABALHO E PREVIDÊNCIA (EXTINTO);WOLNEY QUEIROZ;SEPROC;023.349/2018-2;02/03/2023;
Ofício 005.428/2023;SECRETARIA EXECUTIVA - MINISTÉRIO DO TRABALHO E PREVIDÊNCIA (EXTINTO);CHICO MACENA;SEPROC;023.349/2018-2;02/03/2023;
Ofício 004.834/2023;SECRETARIA EXECUTIVA - MINISTÉRIO DO TRABALHO E PREVIDÊNCIA (EXTINTO);CHEFE DA ASSESSORIA ESPECIAL DE CONTROLE INTERNO DO MINISTÉRIO DO TRABALHO E PREVIDÊNCIA;SEPROC;023.116/2018-8;01/03/2023;
Ofício 004.451/2023;SECRETARIA EXECUTIVA - MINISTÉRIO DO TRABALHO E PREVIDÊNCIA (EXTINTO);FRANCISCO MACENA DA SILVA;SEPROC;011.422/2022-0;24/02/2023;
Ofício 006.325/2023;SECRETARIA EXECUTIVA - MINISTÉRIO DO TRABALHO E PREVIDÊNCIA (EXTINTO);WOLNEY QUEIROZ;SEPROC;020.712/2022-7;24/02/2023;06/03/2023
Ofício 006.085/2023;MINISTÉRIO DO TRABALHO E PREVIDÊNCIA (EXTINTO);CHEFE DA ASSESSORIA ESPECIAL DE CONTROLE INTERNO DO MINISTÉRIO DO TRABALHO E PREVIDÊNCIA ;SEPROC;029.451/2020-5;23/02/2023;
Ofício 004.900/2023;SECRETARIA DE POLÍTICAS PÚBLICAS DE EMPREGO (EXTINTO);SECRETÁRIO(A) DE POLÍTICAS PÚBLICAS DE EMPREGO DO MINISTÉRIO DA ECONOMIA - SPPE/ME;SEPROC;031.830/2018-8;22/02/2023;
Ofício 004.248/2023;SECRETARIA EXECUTIVA - MINISTÉRIO DO TRABALHO E PREVIDÊNCIA (EXTINTO);FRANCISCO MACENA DA SILVA;SEPROC;007.011/2022-9;17/02/2023;
Ofício 005.783/2023;SECRETARIA EXECUTIVA - MINISTÉRIO DO TRABALHO E PREVIDÊNCIA (EXTINTO);CHICO MACENA;SEPROC;000.928/2023-2;16/02/2023;27/04/2023
Ofício 005.782/2023;SECRETARIA EXECUTIVA - MINISTÉRIO DO TRABALHO E PREVIDÊNCIA (EXTINTO);CHICO MACENA;SEPROC;000.928/2023-2;16/02/2023;09/03/2023
Ofício 004.899/2023;SECRETARIA EXECUTIVA - MINISTÉRIO DO TRABALHO E PREVIDÊNCIA (EXTINTO);CHEFE DA ASSESSORIA ESPECIAL DE CONTROLE INTERNO DO MINISTÉRIO DO TRABALHO E PREVIDÊNCIA;SEPROC;031.830/2018-8;16/02/2023;
Ofício 004.386/2023;SECRETARIA EXECUTIVA - MINISTÉRIO DO TRABALHO E PREVIDÊNCIA (EXTINTO);FRANCISCO MACENA DA SILVA;SEPROC;033.344/2018-3;15/02/2023;
Ofício 004.966/2023;SECRETARIA EXECUTIVA - MINISTÉRIO DO TRABALHO E PREVIDÊNCIA (EXTINTO);FRANCISCO MACENA DA SILVA;SEPROC;013.131/2022-2;15/02/2023;
Ofício 004.314/2023;SECRETARIA DE POLÍTICAS PÚBLICAS DE EMPREGO (EXTINTO);SECRETÁRIO(A) DE POLÍTICAS PÚBLICAS DE EMPREGO DO MINISTÉRIO DA ECONOMIA - SPPE/ME;SEPROC;007.004/2012-5;13/02/2023;
Ofício 004.805/2023;MINISTÉRIO DO TRABALHO E PREVIDÊNCIA (EXTINTO);CHEFE DA ASSESSORIA ESPECIAL DE CONTROLE INTERNO DO MINISTÉRIO DO TRABALHO E PREVIDÊNCIA ;SEPROC;013.131/2022-2;13/02/2023;
Ofício 004.229/2023;SECRETARIA EXECUTIVA - MINISTÉRIO DO TRABALHO E PREVIDÊNCIA (EXTINTO);FRANCISCO MACENA DA SILVA;SEPROC;021.517/2020-7;13/02/2023;
Ofício 004.651/2023;MINISTÉRIO DO TRABALHO E PREVIDÊNCIA (EXTINTO);CHEFE DA ASSESSORIA ESPECIAL DE CONTROLE INTERNO DO MINISTÉRIO DO TRABALHO E PREVIDÊNCIA ;SEPROC;036.265/2021-7;13/02/2023;
Ofício 004.590/2023;SECRETARIA EXECUTIVA - MINISTÉRIO DO TRABALHO E PREVIDÊNCIA (EXTINTO);FRANCISCO MACENA DA SILVA;SEPROC;031.690/2022-0;13/02/2023;
Ofício 004.230/2023;MINISTÉRIO DO TRABALHO E PREVIDÊNCIA (EXTINTO);CHEFE DA ASSESSORIA ESPECIAL DE CONTROLE INTERNO DO MINISTÉRIO DO TRABALHO E PREVIDÊNCIA ;SEPROC;021.517/2020-7;10/02/2023;
Ofício 004.135/2023;SECRETARIA EXECUTIVA - MINISTÉRIO DO TRABALHO E PREVIDÊNCIA (EXTINTO);LUCIO RODRIGUES CAPELLETTO;SEPROC;042.433/2021-5;10/02/2023;
Ofício 003.320/2023;SECRETARIA EXECUTIVA - MINISTÉRIO DO TRABALHO E PREVIDÊNCIA (EXTINTO);LUCIO RODRIGUES CAPELLETTO;SEPROC;037.004/2018-2;10/02/2023;
Ofício 003.937/2023;SECRETARIA EXECUTIVA - MINISTÉRIO DO TRABALHO E PREVIDÊNCIA (EXTINTO);LUCIO RODRIGUES CAPELLETTO;SEPROC;036.265/2021-7;09/02/2023;
Ofício 003.874/2023;MINISTÉRIO DO TRABALHO E PREVIDÊNCIA (EXTINTO);CHEFE DA ASSESSORIA ESPECIAL DE CONTROLE INTERNO DO MINISTÉRIO DO TRABALHO E PREVIDÊNCIA ;SEPROC;014.543/2010-9;09/02/2023;
Ofício 003.600/2023;MINISTÉRIO DO TRABALHO E PREVIDÊNCIA (EXTINTO);CHEFE DA ASSESSORIA ESPECIAL DE CONTROLE INTERNO DO MINISTÉRIO DO TRABALHO E PREVIDÊNCIA ;SEPROC;027.624/2018-8;08/02/2023;
Ofício 003.134/2023;MINISTÉRIO DO TRABALHO E PREVIDÊNCIA (EXTINTO);CHEFE DA ASSESSORIA ESPECIAL DE CONTROLE INTERNO DO MINISTÉRIO DO TRABALHO E PREVIDÊNCIA ;SEPROC;029.154/2019-7;07/02/2023;
Ofício 003.133/2023;SECRETARIA EXECUTIVA - MINISTÉRIO DO TRABALHO E PREVIDÊNCIA (EXTINTO);LUCIO RODRIGUES CAPELLETTO;SEPROC;029.154/2019-7;06/02/2023;
Ofício 002.015/2023;SECRETARIA EXECUTIVA - MINISTÉRIO DO TRABALHO E PREVIDÊNCIA (EXTINTO);LUCIO RODRIGUES CAPELLETTO;SEPROC;000.155/2021-7;02/02/2023;
Ofício 002.890/2023;SECRETARIA EXECUTIVA - MINISTÉRIO DO TRABALHO E PREVIDÊNCIA (EXTINTO);LUCIO RODRIGUES CAPELLETTO;SEPROC;031.690/2022-0;02/02/2023;
Ofício 002.341/2023;CONSELHO CURADOR DO FUNDO DE GARANTIA POR TEMPO DE SERVIÇO;PRESIDENTE;SEPROC;039.600/2020-3;01/02/2023;07/08/2023
Ofício 002.604/2023;SECRETARIA EXECUTIVA - MINISTÉRIO DO TRABALHO E PREVIDÊNCIA (EXTINTO);LUCIO RODRIGUES CAPELLETTO;SEPROC;020.710/2022-4;01/02/2023;
Ofício 002.461/2023;SECRETARIA EXECUTIVA - MINISTÉRIO DO TRABALHO E PREVIDÊNCIA (EXTINTO);LUCIO RODRIGUES CAPELLETTO;SEPROC;028.943/2022-8;31/01/2023;
Ofício 000.936/2023;SECRETARIA EXECUTIVA - MINISTÉRIO DO TRABALHO E PREVIDÊNCIA (EXTINTO);LUCIO RODRIGUES CAPELLETTO;SEPROC;020.712/2022-7;18/01/2023;
Ofício 064.626/2022;MINISTÉRIO DO TRABALHO E PREVIDÊNCIA (EXTINTO);CHEFE DA ASSESSORIA ESPECIAL DE CONTROLE INTERNO DO MINISTÉRIO DO TRABALHO E PREVIDÊNCIA ;SEPROC;041.010/2018-3;02/01/2023;
Ofício 065.677/2022;SECRETARIA ESPECIAL DE PREVIDÊNCIA E TRABALHO (EXTINTO);SECRETÁRIO(A) DE PREVIDÊNCIA DO MINISTÉRIO DO TRABALHO E PREVIDÊNCIA;SEPROC;020.260/2009-0;02/01/2023;
Ofício 066.981/2022;MINISTÉRIO DO TRABALHO E PREVIDÊNCIA (EXTINTO);CHEFE DA ASSESSORIA ESPECIAL DE CONTROLE INTERNO DO MINISTÉRIO DO TRABALHO E PREVIDÊNCIA ;SEPROC;014.682/2016-8;30/12/2022;
Ofício 067.030/2022;SECRETARIA EXECUTIVA - MINISTÉRIO DO TRABALHO E PREVIDÊNCIA (EXTINTO);LUCIO RODRIGUES CAPELLETTO;SEPROC;031.690/2022-0;30/12/2022;
Ofício 000.006/2022;SECRETARIA EXECUTIVA - MINISTÉRIO DO TRABALHO E PREVIDÊNCIA (EXTINTO);LUCIO RODRIGUES CAPELLETTO;SECEXPREVIDÊNCIA;031.690/2022-0;29/12/2022;
Ofício 066.894/2022;SECRETARIA EXECUTIVA - MINISTÉRIO DO TRABALHO E PREVIDÊNCIA (EXTINTO);LUCIO RODRIGUES CAPELLETTO;SEPROC;037.309/2018-8;27/12/2022;
Ofício 066.897/2022;SECRETARIA EXECUTIVA - MINISTÉRIO DO TRABALHO E PREVIDÊNCIA (EXTINTO);LUCIO RODRIGUES CAPELLETTO;SEPROC;023.116/2018-8;27/12/2022;
Ofício 066.898/2022;MINISTÉRIO DO TRABALHO E PREVIDÊNCIA (EXTINTO);CHEFE DA ASSESSORIA ESPECIAL DE CONTROLE INTERNO DO MINISTÉRIO DO TRABALHO E PREVIDÊNCIA ;SEPROC;023.116/2018-8;27/12/2022;
Ofício 066.278/2022;SUPERINTENDÊNCIA REGIONAL DO TRABALHO NO ESTADO DE RONDÔNIA;SUPERINTENDENTE REGIONAL;SEPROC;045.307/2021-0;22/12/2022;
Ofício 064.134/2022;SECRETARIA EXECUTIVA - MINISTÉRIO DO TRABALHO E PREVIDÊNCIA (EXTINTO);LUCIO RODRIGUES CAPELLETTO;SEPROC;044.842/2021-0;22/12/2022;
Ofício 066.292/2022;MINISTÉRIO DO TRABALHO E PREVIDÊNCIA (EXTINTO);CHEFE DA ASSESSORIA ESPECIAL DE CONTROLE INTERNO DO MINISTÉRIO DO TRABALHO E PREVIDÊNCIA ;SEPROC;033.351/2018-0;21/12/2022;
Ofício 066.291/2022;SECRETARIA EXECUTIVA - MINISTÉRIO DO TRABALHO E PREVIDÊNCIA (EXTINTO);LUCIO RODRIGUES CAPELLETTO;SEPROC;033.351/2018-0;21/12/2022;
Ofício 066.164/2022;MINISTÉRIO DO TRABALHO E PREVIDÊNCIA (EXTINTO);CHEFE DA ASSESSORIA ESPECIAL DE CONTROLE INTERNO DO MINISTÉRIO DO TRABALHO E PREVIDÊNCIA ;SEPROC;017.050/2020-0;21/12/2022;
Ofício 066.050/2022;SECRETARIA EXECUTIVA - MINISTÉRIO DO TRABALHO E PREVIDÊNCIA (EXTINTO);LUCIO RODRIGUES CAPELLETTO;SEPROC;041.010/2018-3;20/12/2022;
Ofício 063.383/2022;SECRETARIA EXECUTIVA - MINISTÉRIO DO TRABALHO E PREVIDÊNCIA (EXTINTO);LUCIO RODRIGUES CAPELLETTO;SEPROC;020.822/2022-7;20/12/2022;
Ofício 066.110/2022;SECRETARIA EXECUTIVA - MINISTÉRIO DO TRABALHO E PREVIDÊNCIA (EXTINTO);LUCIO RODRIGUES CAPELLETTO;SEPROC;020.710/2022-4;19/12/2022;
Ofício 065.623/2022;SECRETARIA DE POLÍTICAS PÚBLICAS DE EMPREGO (EXTINTO);SECRETÁRIO(A) DE POLÍTICAS PÚBLICAS DE EMPREGO DO MINISTÉRIO DA ECONOMIA - SPPE/ME;SEPROC;029.067/2010-3;16/12/2022;
Ofício 064.453/2022;SECRETARIA EXECUTIVA - MINISTÉRIO DO TRABALHO E PREVIDÊNCIA (EXTINTO);LUCIO RODRIGUES CAPELLETTO;SEPROC;014.113/2022-8;14/12/2022;12/01/2023
Ofício 065.637/2022;SECRETARIA EXECUTIVA - MINISTÉRIO DO TRABALHO E PREVIDÊNCIA (EXTINTO);LUCIO RODRIGUES CAPELLETTO;SEPROC;020.712/2022-7;14/12/2022;
Ofício 065.256/2022;SUPERINTENDÊNCIA REGIONAL DO TRABALHO NO ESTADO DE ALAGOAS;SUPERINTENDENTE;SEPROC;039.764/2019-2;14/12/2022;
Ofício 061.387/2022;FUNDO DE AMPARO AO TRABALHADOR;PRESIDENTE DO CONSELHO DELIBERATIVO DO FUNDO DE AMPARO AO TRABALHADOR;SEPROC;019.589/2017-4;13/12/2022;24/09/2024
Ofício 061.386/2022;FUNDO DE AMPARO AO TRABALHADOR;PRESIDENTE DO CONSELHO DELIBERATIVO DO FUNDO DE AMPARO AO TRABALHADOR;SEPROC;005.169/2014-3;09/12/2022;
Ofício 063.300/2022;SECRETARIA EXECUTIVA - MINISTÉRIO DO TRABALHO E PREVIDÊNCIA (EXTINTO);LUCIO RODRIGUES CAPELLETTO;SEPROC;033.576/2013-0;07/12/2022;
Ofício 064.136/2022;SECRETARIA EXECUTIVA - MINISTÉRIO DO TRABALHO E PREVIDÊNCIA (EXTINTO);LUCIO RODRIGUES CAPELLETTO;SEPROC;042.082/2021-8;07/12/2022;12/07/2023
Ofício 061.755/2022;SECRETARIA EXECUTIVA - MINISTÉRIO DO TRABALHO E PREVIDÊNCIA (EXTINTO);LUCIO RODRIGUES CAPELLETTO;SEPROC;045.311/2021-8;07/12/2022;
Ofício 062.794/2022;SECRETARIA EXECUTIVA - MINISTÉRIO DO TRABALHO E PREVIDÊNCIA (EXTINTO);LUCIO RODRIGUES CAPELLETTO;SEPROC;044.597/2021-5;07/12/2022;22/12/2022
Ofício 063.824/2022;SECRETARIA EXECUTIVA - MINISTÉRIO DO TRABALHO E PREVIDÊNCIA (EXTINTO);LUCIO RODRIGUES CAPELLETTO;SEPROC;020.712/2022-7;06/12/2022;
Ofício 063.297/2022;FUNDO DE GARANTIA POR TEMPO DE SERVIÇO;PRESIDENTE DO CONSELHO CURADOR DO FGTS;SEPROC;033.576/2013-0;06/12/2022;
Ofício 061.758/2022;SECRETARIA DE TRABALHO - MINISTÉRIO DO TRABALHO E PREVIDÊNCIA (EXTINTO);SUBSECRETÁRIO(A);SEPROC;045.311/2021-8;05/12/2022;
Ofício 062.727/2022;SECRETARIA EXECUTIVA - MINISTÉRIO DO TRABALHO E PREVIDÊNCIA (EXTINTO);LUCIO RODRIGUES CAPELLETTO;SEPROC;007.802/2022-6;01/12/2022;
Ofício 060.558/2022;SECRETARIA EXECUTIVA - MINISTÉRIO DO TRABALHO E PREVIDÊNCIA (EXTINTO);LUCIO RODRIGUES CAPELLETTO;SEPROC;043.945/2021-0;23/11/2022;11/01/2023
Ofício 060.439/2022;FUNDO DE AMPARO AO TRABALHADOR;PRESIDENTE DO CONSELHO DELIBERATIVO DO FUNDO DE AMPARO AO TRABALHADOR;SEPROC;043.945/2021-0;22/11/2022;27/03/2023
Ofício 060.977/2022;MINISTÉRIO DO TRABALHO E PREVIDÊNCIA (EXTINTO);COORDENADOR(A)-GERAL DE CONFORMIDADE E GESTÃO DE RISCOS DA SUBSECRETARIA DE ASSUNTOS CORPORATIVOS;SEPROC;045.309/2021-3;22/11/2022;
Ofício 060.954/2022;SECRETARIA DE POLÍTICAS PÚBLICAS DE EMPREGO (EXTINTO);SECRETÁRIO(A) DE POLÍTICAS PÚBLICAS DE EMPREGO DO MINISTÉRIO DA ECONOMIA - SPPE/ME;SEPROC;045.105/2021-9;22/11/2022;10/10/2023
Ofício 059.599/2022;MINISTÉRIO DO TRABALHO E PREVIDÊNCIA (EXTINTO);CHEFE DA ASSESSORIA ESPECIAL DE CONTROLE INTERNO DO MINISTÉRIO DO TRABALHO E PREVIDÊNCIA ;SEPROC;036.026/2016-6;10/11/2022;
Ofício 058.337/2022;SECRETARIA EXECUTIVA - MINISTÉRIO DO TRABALHO E PREVIDÊNCIA (EXTINTO);LUCIO RODRIGUES CAPELLETTO;SEPROC;033.944/2020-2;04/11/2022;
Ofício 000.004/2022;SECRETARIA EXECUTIVA - MINISTÉRIO DO TRABALHO E PREVIDÊNCIA (EXTINTO);LUCIO RODRIGUES CAPELLETTO;SECEXPREVIDÊNCIA;020.712/2022-7;03/11/2022;
Ofício 056.918/2022;SUPERINTENDÊNCIA REGIONAL DO TRABALHO NO ESTADO DE RONDÔNIA;SUPERINTENDENTE REGIONAL;SEPROC;025.478/2013-3;31/10/2022;
Ofício 057.273/2022;SECRETARIA EXECUTIVA - MINISTÉRIO DO TRABALHO E PREVIDÊNCIA (EXTINTO);CHEFE DA ASSESSORIA ESPECIAL DE CONTROLE INTERNO DO MINISTÉRIO DO TRABALHO E PREVIDÊNCIA;SEPROC;028.024/2015-0;31/10/2022;
Ofício 054.744/2022;SECRETARIA EXECUTIVA - MINISTÉRIO DO TRABALHO E PREVIDÊNCIA (EXTINTO);LUCIO RODRIGUES CAPELLETTO;SEPROC;044.842/2021-0;19/10/2022;
Ofício 052.880/2022;SECRETARIA EXECUTIVA - MINISTÉRIO DO TRABALHO E PREVIDÊNCIA (EXTINTO);LUCIO RODRIGUES CAPELLETTO;SEPROC;035.892/2015-3;19/10/2022;
Ofício 054.452/2022;SECRETARIA EXECUTIVA - MINISTÉRIO DO TRABALHO E PREVIDÊNCIA (EXTINTO);LUCIO RODRIGUES CAPELLETTO;SEPROC;014.113/2022-8;13/10/2022;
Ofício 053.634/2022;SECRETARIA EXECUTIVA - MINISTÉRIO DO TRABALHO E PREVIDÊNCIA (EXTINTO);LUCIO RODRIGUES CAPELLETTO;SEPROC;033.342/2018-0;11/10/2022;
Ofício 053.645/2022;SECRETARIA EXECUTIVA - MINISTÉRIO DO TRABALHO E PREVIDÊNCIA (EXTINTO);LUCIO RODRIGUES CAPELLETTO;SEPROC;033.339/2018-0;11/10/2022;
Ofício 053.635/2022;MINISTÉRIO DO TRABALHO E PREVIDÊNCIA (EXTINTO);CHEFE DA ASSESSORIA ESPECIAL DE CONTROLE INTERNO DO MINISTÉRIO DO TRABALHO E PREVIDÊNCIA;SEPROC;033.342/2018-0;11/10/2022;
Ofício 053.646/2022;MINISTÉRIO DO TRABALHO E PREVIDÊNCIA (EXTINTO);CHEFE DA ASSESSORIA ESPECIAL DE CONTROLE INTERNO DO MINISTÉRIO DO TRABALHO E PREVIDÊNCIA;SEPROC;033.339/2018-0;11/10/2022;
Ofício 053.136/2022;MINISTÉRIO DO TRABALHO E PREVIDÊNCIA (EXTINTO);CHEFE DA ASSESSORIA ESPECIAL DE CONTROLE INTERNO DO MINISTÉRIO DO TRABALHO E PREVIDÊNCIA;SEPROC;012.707/2022-8;06/10/2022;
Ofício 050.387/2022;SECRETARIA DE POLÍTICAS PÚBLICAS DE EMPREGO (EXTINTO);SECRETÁRIO(A) DE POLÍTICAS PÚBLICAS DE EMPREGO DO MINISTÉRIO DA ECONOMIA - SPPE/ME;SEPROC;016.705/2019-0;05/10/2022;
Ofício 000.001/2022;SECRETARIA EXECUTIVA - MINISTÉRIO DO TRABALHO E PREVIDÊNCIA (EXTINTO);LUCIO RODRIGUES CAPELLETTO;SECEXPREVIDÊNCIA;006.466/2022-2;04/10/2022;
Ofício 047.727/2022;FUNDO DE AMPARO AO TRABALHADOR;PRESIDENTE DO CONSELHO DELIBERATIVO DO FUNDO DE AMPARO AO TRABALHADOR;SEPROC;012.038/2016-4;03/10/2022;
Ofício 049.470/2022;SECRETARIA DE POLÍTICAS PÚBLICAS DE EMPREGO (EXTINTO);SECRETÁRIO(A) DE POLÍTICAS PÚBLICAS DE EMPREGO DO MINISTÉRIO DA ECONOMIA - SPPE/ME;SEPROC;004.982/2014-2;29/09/2022;
Ofício 051.227/2022;SECRETARIA EXECUTIVA - MINISTÉRIO DO TRABALHO E PREVIDÊNCIA (EXTINTO);LUCIO RODRIGUES CAPELLETTO;SEPROC;028.486/2013-7;29/09/2022;
Ofício 048.730/2022;FUNDO DE AMPARO AO TRABALHADOR;PRESIDENTE DO CONSELHO DELIBERATIVO DO FUNDO DE AMPARO AO TRABALHADOR;SEPROC;014.671/2016-6;28/09/2022;
Ofício 050.782/2022;SECRETARIA EXECUTIVA - MINISTÉRIO DO TRABALHO E PREVIDÊNCIA (EXTINTO);LUCIO RODRIGUES CAPELLETTO;SEPROC;010.755/2022-5;27/09/2022;17/10/2022
Ofício 049.619/2022;MINISTÉRIO DO TRABALHO E PREVIDÊNCIA (EXTINTO);CHEFE;SEPROC;029.451/2020-5;20/09/2022;
Ofício 050.243/2022;SECRETARIA EXECUTIVA - MINISTÉRIO DO TRABALHO E PREVIDÊNCIA (EXTINTO);LUCIO RODRIGUES CAPELLETTO;SEPROC;006.464/2022-0;20/09/2022;07/10/2022
Ofício 049.163/2022;COORDENAÇÃO-GERAL DO FUNDO DE AMPARO AO TRABALHADOR;COORDENADOR(A)-GERAL DE RECURSOS DO FUNDO DE AMPARO AO TRABALHADOR;SEPROC;017.868/2020-3;20/09/2022;06/02/2025
Ofício 048.822/2022;SECRETARIA ESPECIAL DE PREVIDÊNCIA E TRABALHO (EXTINTO);SECRETÁRIO(A) DE PREVIDÊNCIA DO MINISTÉRIO DO TRABALHO E PREVIDÊNCIA;SEPROC;001.653/2015-6;19/09/2022;
Ofício 048.141/2022;SECRETARIA EXECUTIVA - MINISTÉRIO DO TRABALHO E PREVIDÊNCIA (EXTINTO);LUCIO RODRIGUES CAPELLETTO;SEPROC;040.701/2018-2;16/09/2022;
Ofício 038.738/2022;MINISTÉRIO DO TRABALHO E PREVIDÊNCIA (EXTINTO);COORDENADOR(A)-GERAL DE CONFORMIDADE E GESTÃO DE RISCOS DA SUBSECRETARIA DE ASSUNTOS CORPORATIVOS;SEPROC;009.995/2003-9;15/09/2022;13/06/2023
Ofício 048.140/2022;SECRETARIA DE POLÍTICAS PÚBLICAS DE EMPREGO (EXTINTO);SECRETÁRIO(A) DE POLÍTICAS PÚBLICAS DE EMPREGO DO MINISTÉRIO DA ECONOMIA - SPPE/ME;SEPROC;040.701/2018-2;15/09/2022;
Ofício 037.648/2022;SECRETARIA DE POLÍTICAS PÚBLICAS DE EMPREGO (EXTINTO);SECRETÁRIO(A) DE POLÍTICAS PÚBLICAS DE EMPREGO DO MINISTÉRIO DA ECONOMIA - SPPE/ME;SEPROC;024.249/2016-5;15/09/2022;
Ofício 048.851/2022;SUPERINTENDÊNCIA REGIONAL DO TRABALHO NO ESTADO DO MATO GROSSO DO SUL;SUPERINTENDENTE REGIONAL DO TRABALHO NO ESTADO DO MATO GROSSO DO SUL;SEPROC;020.829/2017-5;15/09/2022;
Ofício 048.948/2022;SECRETARIA EXECUTIVA - MINISTÉRIO DO TRABALHO E PREVIDÊNCIA (EXTINTO);LUCIO RODRIGUES CAPELLETTO;SEPROC;007.641/2022-2;13/09/2022;26/09/2022
Ofício 000.414/2022;MINISTÉRIO DO TRABALHO E PREVIDÊNCIA (EXTINTO);HELIO CARNEIRO FERNANDES;SEFIP;007.802/2022-6;13/09/2022;
Ofício 047.089/2022;FUNDO DE AMPARO AO TRABALHADOR;PRESIDENTE DO CONSELHO DELIBERATIVO DO FUNDO DE AMPARO AO TRABALHADOR;SEPROC;005.169/2014-3;09/09/2022;
Ofício 039.878/2022;FUNDO DE AMPARO AO TRABALHADOR;PRESIDENTE DO CONSELHO DELIBERATIVO DO FUNDO DE AMPARO AO TRABALHADOR;SEPROC;019.589/2017-4;08/09/2022;
Ofício 047.071/2022;SECRETARIA DE POLÍTICAS PÚBLICAS DE EMPREGO (EXTINTO);SECRETÁRIO(A) DE POLÍTICAS PÚBLICAS DE EMPREGO DO MINISTÉRIO DA ECONOMIA - SPPE/ME;SEPROC;027.908/2020-8;05/09/2022;
Ofício 041.399/2022;SECRETARIA DE POLÍTICAS PÚBLICAS DE EMPREGO (EXTINTO);SECRETÁRIO(A) DE POLÍTICAS PÚBLICAS DE EMPREGO DO MINISTÉRIO DA ECONOMIA - SPPE/ME;SEPROC;013.978/2014-4;05/09/2022;
Ofício 043.974/2022;SECRETARIA EXECUTIVA - MINISTÉRIO DO TRABALHO E PREVIDÊNCIA (EXTINTO);LUCIO RODRIGUES CAPELLETTO;SEPROC;022.166/2016-5;02/09/2022;
Ofício 045.847/2022;SECRETARIA EXECUTIVA - MINISTÉRIO DO TRABALHO E PREVIDÊNCIA (EXTINTO);LUCIO RODRIGUES CAPELLETTO;SEPROC;023.625/2014-7;02/09/2022;
Ofício 040.473/2022;SECRETARIA DE POLÍTICAS PÚBLICAS DE EMPREGO (EXTINTO);SECRETÁRIO(A) DE POLÍTICAS PÚBLICAS DE EMPREGO DO MINISTÉRIO DA ECONOMIA - SPPE/ME;SEPROC;012.037/2016-8;01/09/2022;
Ofício 044.295/2022;SECRETARIA DE POLÍTICAS PÚBLICAS DE EMPREGO (EXTINTO);SECRETÁRIO(A) DE POLÍTICAS PÚBLICAS DE EMPREGO DO MINISTÉRIO DA ECONOMIA - SPPE/ME;SEPROC;028.004/2011-6;29/08/2022;
Ofício 046.140/2022;SECRETARIA EXECUTIVA - MINISTÉRIO DO TRABALHO E PREVIDÊNCIA (EXTINTO);LUCIO RODRIGUES CAPELLETTO;SEPROC;008.960/2016-0;29/08/2022;
Ofício 037.012/2022;FUNDO DE AMPARO AO TRABALHADOR;PRESIDENTE DO CONSELHO DELIBERATIVO DO FUNDO DE AMPARO AO TRABALHADOR;SEPROC;015.565/2016-5;29/08/2022;
Ofício 043.132/2022;SECRETARIA EXECUTIVA - MINISTÉRIO DO TRABALHO E PREVIDÊNCIA (EXTINTO);CHEFE DA ASSESSORIA ESPECIAL DE CONTROLE INTERNO DO MINISTÉRIO DO TRABALHO E PREVIDÊNCIA;SEPROC;000.155/2021-7;26/08/2022;
Ofício 044.937/2022;SECRETARIA EXECUTIVA - MINISTÉRIO DO TRABALHO E PREVIDÊNCIA (EXTINTO);LUCIO RODRIGUES CAPELLETTO;SEPROC;006.455/2021-2;26/08/2022;22/12/2022
Ofício 043.909/2022;SECRETARIA EXECUTIVA - MINISTÉRIO DO TRABALHO E PREVIDÊNCIA (EXTINTO);LUCIO RODRIGUES CAPELLETTO;SEPROC;007.641/2022-2;18/08/2022;
Ofício 043.199/2022;SECRETARIA DE TRABALHO - MINISTÉRIO DO TRABALHO E PREVIDÊNCIA (EXTINTO);SECRETÁRIO(A) DE TRABALHO;SEPROC;047.592/2020-6;18/08/2022;
Ofício 043.777/2022;SECRETARIA EXECUTIVA - MINISTÉRIO DO TRABALHO E PREVIDÊNCIA (EXTINTO);BRUNO SILVA DALCOMO;SEPROC;012.707/2022-8;18/08/2022;23/08/2022
Ofício 043.510/2022;SECRETARIA EXECUTIVA - MINISTÉRIO DO TRABALHO E PREVIDÊNCIA (EXTINTO);BRUNO SILVA DALCOMO;SEPROC;022.049/2019-3;17/08/2022;
Ofício 041.509/2022;MINISTÉRIO DO TRABALHO E PREVIDÊNCIA (EXTINTO);FÁBIO NELSON VIEIRA;SEPROC;;10/08/2022;
Ofício 039.454/2022;SECRETARIA EXECUTIVA - MINISTÉRIO DO TRABALHO E PREVIDÊNCIA (EXTINTO);BRUNO SILVA DALCOMO;SEPROC;014.113/2022-8;02/08/2022;
Ofício 039.163/2022;SECRETARIA EXECUTIVA - MINISTÉRIO DO TRABALHO E PREVIDÊNCIA (EXTINTO);BRUNO SILVA DALCOMO;SEPROC;014.113/2022-8;01/08/2022;
Ofício 038.670/2022;SECRETARIA ESPECIAL DE PREVIDÊNCIA E TRABALHO (EXTINTO);SECRETÁRIO(A)-EXECUTIVO(A) DO COMITÊ GESTOR DO ESOCIAL;SEPROC;003.339/2022-0;01/08/2022;
Ofício 034.534/2022;SECRETARIA EXECUTIVA - MINISTÉRIO DO TRABALHO E PREVIDÊNCIA (EXTINTO);BRUNO SILVA DALCOMO;SEPROC;036.885/2018-5;21/07/2022;
Ofício 025.277/2022;SECRETARIA EXECUTIVA - MINISTÉRIO DO TRABALHO E PREVIDÊNCIA (EXTINTO);BRUNO SILVA DALCOMO;SEPROC;034.869/2016-6;21/07/2022;
Ofício 032.985/2022;SECRETARIA EXECUTIVA - MINISTÉRIO DO TRABALHO E PREVIDÊNCIA (EXTINTO);BRUNO SILVA DALCOMO;SEPROC;030.739/2021-7;19/07/2022;
Ofício 033.153/2022;SECRETARIA EXECUTIVA - MINISTÉRIO DO TRABALHO E PREVIDÊNCIA (EXTINTO);BRUNO SILVA DALCOMO;SEPROC;021.979/2021-9;12/07/2022;
Ofício 031.108/2022;SECRETARIA EXECUTIVA - MINISTÉRIO DO TRABALHO E PREVIDÊNCIA (EXTINTO);BRUNO SILVA DALCOMO;SEPROC;046.949/2020-8;11/07/2022;
Ofício 031.106/2022;FUNDO DE AMPARO AO TRABALHADOR;PRESIDENTE DO CONSELHO DELIBERATIVO DO FUNDO DE AMPARO AO TRABALHADOR;SEPROC;046.949/2020-8;10/07/2022;
Ofício 031.859/2022;SECRETARIA EXECUTIVA - MINISTÉRIO DO TRABALHO E PREVIDÊNCIA (EXTINTO);BRUNO SILVA DALCOMO;SEPROC;007.362/2022-6;08/07/2022;25/07/2022
Ofício 031.488/2022;FUNDO DE AMPARO AO TRABALHADOR;PRESIDENTE DO CONSELHO DELIBERATIVO DO FUNDO DE AMPARO AO TRABALHADOR;SEPROC;015.153/2016-9;08/07/2022;
Ofício 000.329/2022;MINISTÉRIO DO TRABALHO E PREVIDÊNCIA (EXTINTO);LUCIO RODRIGUES CAPELLETTO;SEFIP;007.802/2022-6;07/07/2022;02/08/2022
Ofício 029.218/2022;Identidade preservada;SUBSECRETÁRIO(A) DE PERÍCIA MÉDICA FEDERAL DA SECRETARIA DA PREVIDÊNCIA DO MINISTÉRIO DO TRABALHO E ;SEPROC;019.333/2021-8;07/07/2022;
Ofício 029.214/2022;Identidade preservada;SUBSECRETÁRIO(A) DE PERÍCIA MÉDICA FEDERAL DA SECRETARIA DA PREVIDÊNCIA DO MINISTÉRIO DO TRABALHO E ;SEPROC;019.333/2021-8;07/07/2022;10/08/2022
Ofício 029.213/2022;Identidade preservada;SUBSECRETÁRIO(A) DE PERÍCIA MÉDICA FEDERAL DA SECRETARIA DA PREVIDÊNCIA DO MINISTÉRIO DO TRABALHO E ;SEPROC;019.333/2021-8;07/07/2022;
Ofício 029.842/2022;SECRETARIA EXECUTIVA - MINISTÉRIO DO TRABALHO E PREVIDÊNCIA (EXTINTO);BRUNO SILVA DALCOMO;SEPROC;014.549/2021-2;05/07/2022;12/09/2022
Ofício 029.910/2022;SECRETARIA ESPECIAL DE PREVIDÊNCIA E TRABALHO (EXTINTO);SECRETÁRIO(A) ESPECIAL DE PREVIDÊNCIA E TRABALHO DO MINISTÉRIO DA ECONOMIA;SEPROC;004.941/2018-7;05/07/2022;
Ofício 030.288/2022;SECRETARIA ESPECIAL DE PREVIDÊNCIA E TRABALHO (EXTINTO);SECRETÁRIO(A) ESPECIAL DE PREVIDÊNCIA E TRABALHO DO MINISTÉRIO DA ECONOMIA;SEPROC;028.081/2014-5;28/06/2022;29/06/2022
Ofício 030.655/2022;SECRETARIA ESPECIAL DE PREVIDÊNCIA E TRABALHO (EXTINTO);SUBSECRETÁRIO(A) DA PERÍCIA MÉDICA FEDERAL DO MINISTÉRIO DA ECONOMIA;SEPROC;033.778/2020-5;25/06/2022;15/07/2022
Ofício 022.543/2022;SECRETARIA ESPECIAL DE PREVIDÊNCIA E TRABALHO (EXTINTO);SECRETÁRIO(A) ESPECIAL DE PREVIDÊNCIA E TRABALHO DO MINISTÉRIO DA ECONOMIA;SEPROC;019.041/2013-6;23/06/2022;
Ofício 029.835/2022;SECRETARIA EXECUTIVA - MINISTÉRIO DO TRABALHO E PREVIDÊNCIA (EXTINTO);CHEFE DA ASSESSORIA ESPECIAL DE CONTROLE INTERNO DO MINISTÉRIO DO TRABALHO E PREVIDÊNCIA;SEPROC;036.758/2021-3;20/06/2022;
Ofício 026.968/2022;SECRETARIA DE POLÍTICAS PÚBLICAS DE EMPREGO (EXTINTO);SECRETÁRIO(A) DE POLÍTICAS PÚBLICAS DE EMPREGO DO MINISTÉRIO DA ECONOMIA - SPPE/ME;SEPROC;028.004/2011-6;15/06/2022;
Ofício 000.206/2022;SECRETARIA EXECUTIVA - MINISTÉRIO DO TRABALHO E PREVIDÊNCIA (EXTINTO);BRUNO SILVA DALCOMO;SEFIP;007.641/2022-2;02/06/2022;
Ofício 024.321/2022;SUPERINTENDÊNCIA REGIONAL DO TRABALHO NO ESTADO DO MARANHÃO;SUPERINTENDÊNCIA REGIONAL DO TRABALHO E EMPREGO NO MARANHÃO;SEPROC;011.388/2002-0;02/06/2022;
Ofício 022.556/2022;SECRETARIA EXECUTIVA - MINISTÉRIO DO TRABALHO E PREVIDÊNCIA (EXTINTO);BRUNO SILVA DALCOMO;SEPROC;014.927/2021-7;31/05/2022;
Ofício 022.905/2022;SECRETARIA DE TRABALHO - MINISTÉRIO DO TRABALHO E PREVIDÊNCIA (EXTINTO);SUBSECRETÁRIO(A) DOS REGIMES PRÓPRIOS DE PREVIDÊNCIA SOCIAL DO MINISTÉRIO DO TRABALHO E PREVIDÊNCIA;SEPROC;014.927/2021-7;30/05/2022;
Ofício 022.914/2022;SECRETARIA ESPECIAL DE PREVIDÊNCIA E TRABALHO (EXTINTO);SECRETÁRIO(A) ESPECIAL DE PREVIDÊNCIA E TRABALHO DO MINISTÉRIO DA ECONOMIA;SEPROC;014.927/2021-7;30/05/2022;
Ofício 022.830/2022;SECRETARIA ESPECIAL DE PREVIDÊNCIA E TRABALHO (EXTINTO);SECRETÁRIO(A) ESPECIAL DE PREVIDÊNCIA E TRABALHO DO MINISTÉRIO DA ECONOMIA;SEPROC;014.671/2016-6;25/05/2022;
Ofício 021.674/2022;FUNDO DE GARANTIA POR TEMPO DE SERVIÇO;PRESIDENTE DO CONSELHO CURADOR DO FGTS;SEPROC;040.431/2019-3;25/05/2022;
Ofício 022.071/2022;SECRETARIA DE POLÍTICAS PÚBLICAS DE EMPREGO (EXTINTO);SECRETÁRIO(A) DE POLÍTICAS PÚBLICAS DE EMPREGO DO MINISTÉRIO DA ECONOMIA - SPPE/ME;SEPROC;039.288/2020-0;23/05/2022;21/10/2022
Ofício 021.978/2022;SECRETARIA EXECUTIVA - MINISTÉRIO DO TRABALHO E PREVIDÊNCIA (EXTINTO);BRUNO SILVA DALCOMO;SEPROC;033.653/2020-8;23/05/2022;04/08/2022
Ofício 021.911/2022;SECRETARIA EXECUTIVA - MINISTÉRIO DO TRABALHO E PREVIDÊNCIA (EXTINTO);BRUNO SILVA DALCOMO;SEPROC;000.517/2022-4;23/05/2022;
Ofício 022.889/2022;FUNDO DE AMPARO AO TRABALHADOR;PRESIDENTE DO CONSELHO DELIBERATIVO DO FUNDO DE AMPARO AO TRABALHADOR;SEPROC;033.653/2020-8;23/05/2022;
Ofício 021.431/2022;SECRETARIA EXECUTIVA - MINISTÉRIO DO TRABALHO E PREVIDÊNCIA (EXTINTO);BRUNO SILVA DALCOMO;SEPROC;035.960/2019-1;20/05/2022;
Ofício 017.937/2022;SECRETARIA DE POLÍTICAS PÚBLICAS DE EMPREGO (EXTINTO);SECRETÁRIO(A) DE POLÍTICAS PÚBLICAS DE EMPREGO DO MINISTÉRIO DA ECONOMIA - SPPE/ME;SEPROC;035.938/2020-0;18/05/2022;18/07/2022
Ofício 017.970/2022;FUNDO DE AMPARO AO TRABALHADOR;PRESIDENTE DO FUNDO DE AMPARO AO TRABALHADOR - FAT;SEPROC;028.744/2015-2;18/05/2022;10/06/2022
Ofício 017.850/2022;Identidade preservada;SUBSECRETÁRIO(A) DE PERÍCIA MÉDICA;SEPROC;044.275/2021-8;05/05/2022;17/05/2022
Ofício 012.506/2022;FUNDO DE AMPARO AO TRABALHADOR;PRESIDENTE DO FUNDO DE AMPARO AO TRABALHADOR - FAT;SEPROC;014.422/2015-8;03/05/2022;
Ofício 017.277/2022;SECRETARIA ESPECIAL DE PREVIDÊNCIA E TRABALHO (EXTINTO);SECRETÁRIO(A) ESPECIAL DE PREVIDÊNCIA E TRABALHO DO MINISTÉRIO DA ECONOMIA;SEPROC;011.246/2016-2;02/05/2022;
Ofício 016.237/2022;CONSELHO CURADOR DO FUNDO DE GARANTIA POR TEMPO DE SERVIÇO;PRESIDENTE;SEPROC;007.957/2021-1;02/05/2022;05/07/2022
Ofício 017.019/2022;SUPERINTENDÊNCIA REGIONAL DO TRABALHO NO ESTADO DE MATO GROSSO;SUPERINTENDENTE REGIONAL;SEPROC;033.172/2017-0;29/04/2022;21/07/2022
Ofício 016.587/2022;SECRETARIA EXECUTIVA - MINISTÉRIO DO TRABALHO E PREVIDÊNCIA (EXTINTO);BRUNO SILVA DALCOMO;SEPROC;007.011/2022-9;26/04/2022;30/05/2022
Ofício 014.771/2022;SECRETARIA DE POLÍTICAS PÚBLICAS DE EMPREGO (EXTINTO);SECRETÁRIO(A) DE POLÍTICAS PÚBLICAS DE EMPREGO DO MINISTÉRIO DA ECONOMIA - SPPE/ME;SEPROC;004.432/2015-0;18/04/2022;
Ofício 015.452/2022;SECRETARIA EXECUTIVA - MINISTÉRIO DO TRABALHO E PREVIDÊNCIA (EXTINTO);BRUNO SILVA DALCOMO;SEPROC;006.464/2022-0;13/04/2022;18/04/2022
Ofício 015.453/2022;SECRETARIA EXECUTIVA - MINISTÉRIO DO TRABALHO E PREVIDÊNCIA (EXTINTO);BRUNO SILVA DALCOMO;SEPROC;006.466/2022-2;13/04/2022;18/04/2022
Ofício 014.182/2022;SECRETARIA EXECUTIVA - MINISTÉRIO DO TRABALHO E PREVIDÊNCIA (EXTINTO);SECRETÁRIO(A) DA PREVIDÊNCIA DO MINISTÉRIO DO TRABALHO E PREVIDÊNCIA;SEPROC;034.660/2014-3;11/04/2022;24/10/2022
Ofício 014.209/2022;SECRETARIA ESPECIAL DE PREVIDÊNCIA E TRABALHO (EXTINTO);SECRETÁRIO(A) ESPECIAL DE PREVIDÊNCIA E TRABALHO DO MINISTÉRIO DA ECONOMIA;SEPROC;034.660/2014-3;06/04/2022;
Ofício 011.721/2022;SECRETARIA EXECUTIVA DO MINISTÉRIO DO TRABALHO (EXTINTA);BRUNO SILVA DALCOLMO;SEPROC;022.610/2020-0;25/03/2022;
Ofício 010.567/2022;SECRETARIA EXECUTIVA - MINISTÉRIO DO TRABALHO E PREVIDÊNCIA (EXTINTO);BRUNO SILVA DALCOMO;SEPROC;046.928/2020-0;17/03/2022;30/03/2022
Ofício 010.116/2022;FUNDO DE GARANTIA POR TEMPO DE SERVIÇO;PRESIDENTE DO CONSELHO CURADOR DO FGTS;SEPROC;040.431/2019-3;16/03/2022;
Ofício 009.986/2022;SECRETARIA EXECUTIVA - MINISTÉRIO DO TRABALHO E PREVIDÊNCIA (EXTINTO);BRUNO SILVA DALCOMO;SEPROC;021.979/2021-9;11/03/2022;
Ofício 009.439/2022;SECRETARIA EXECUTIVA DO MINISTÉRIO DO TRABALHO (EXTINTA);BRUNO SILVA DALCOLMO;SEPROC;038.587/2021-1;11/03/2022;
Ofício 008.912/2022;SECRETARIA ESPECIAL DE PREVIDÊNCIA E TRABALHO (EXTINTO);SECRETÁRIO(A) ESPECIAL DE PREVIDÊNCIA E TRABALHO DO MINISTÉRIO DA ECONOMIA;SEPROC;037.004/2018-2;09/03/2022;
Ofício 008.867/2022;SECRETARIA EXECUTIVA - MINISTÉRIO DO TRABALHO E PREVIDÊNCIA (EXTINTO);BRUNO SILVA DALCOMO;SEPROC;021.979/2021-9;07/03/2022;
Ofício 006.065/2022;SECRETARIA ESPECIAL DE PREVIDÊNCIA E TRABALHO (EXTINTO);SECRETÁRIO(A) ESPECIAL DE PREVIDÊNCIA E TRABALHO DO MINISTÉRIO DA ECONOMIA;SEPROC;004.125/2017-7;04/03/2022;
Ofício 005.169/2022;FUNDO DE AMPARO AO TRABALHADOR;PRESIDENTE DO FUNDO DE AMPARO AO TRABALHADOR - FAT;SEPROC;015.153/2016-9;03/03/2022;
Ofício 007.270/2022;SECRETARIA EXECUTIVA DO MINISTÉRIO DO TRABALHO (EXTINTA);BRUNO SILVA DALCOLMO;SEPROC;038.587/2021-1;22/02/2022;21/03/2022
Ofício 006.244/2022;SECRETARIA EXECUTIVA DO MINISTÉRIO DO TRABALHO (EXTINTA);BRUNO SILVA DALCOLMO;SEPROC;003.742/2017-2;22/02/2022;
Ofício 000.038/2022;Identidade preservada;SUBSECRETÁRIO(A) DA PERÍCIA MÉDICA FEDERAL DO MINISTÉRIO DA ECONOMIA;SEFIP;042.958/2021-0;18/02/2022;09/03/2022
Ofício 005.641/2022;SECRETARIA EXECUTIVA - MINISTÉRIO DO TRABALHO E PREVIDÊNCIA (EXTINTO);BRUNO SILVA DALCOMO;SEPROC;000.517/2022-4;16/02/2022;11/03/2022
Ofício 001.961/2022;SECRETARIA DE POLÍTICAS PÚBLICAS DE EMPREGO (EXTINTO);SECRETÁRIO(A) DA SECRETARIA DE POLÍTICAS PÚBLICAS DE EMPREGO;SEPROC;003.222/2018-7;02/02/2022;
Ofício 001.808/2022;SECRETARIA EXECUTIVA - MINISTÉRIO DO TRABALHO E PREVIDÊNCIA (EXTINTO);BRUNO SILVA DALCOMO;SEPROC;021.979/2021-9;27/01/2022;18/02/2022
Ofício 073.373/2021;SECRETARIA DE POLÍTICAS PÚBLICAS DE EMPREGO (EXTINTO);SECRETÁRIO(A) DA SECRETARIA DE POLÍTICAS PÚBLICAS DE EMPREGO;SEPROC;014.686/2016-3;12/01/2022;
Ofício 070.837/2021;SECRETARIA ESPECIAL DE PREVIDÊNCIA E TRABALHO (EXTINTO);SECRETÁRIO(A) ESPECIAL DE PREVIDÊNCIA E TRABALHO DO MINISTÉRIO DA ECONOMIA;SEPROC;024.333/2016-6;03/01/2022;
Ofício 070.143/2021;SECRETARIA DE POLÍTICAS PÚBLICAS DE EMPREGO (EXTINTO);SECRETÁRIO(A) DE POLÍTICAS PÚBLICAS DE EMPREGO DO MINISTÉRIO DA ECONOMIA - SPPE/ME;SEPROC;001.791/2018-4;28/12/2021;
